market,carrier,pax,fare,distance,route_pax,share
ATL-AUS,B6,3205,127.93,428.3,18155,0.17653538969980723
ATL-AUS,DL,12877,192.53,428.3,18155,0.7092811897548884
ATL-AUS,UA,2073,165.25,428.3,18155,0.11418342054530432
ATL-BNA,B6,14232,336.22,2433.9,69082,0.20601603891028053
ATL-BNA,DL,24225,357.74,2433.9,69082,0.350670218001795
ATL-BNA,WN,7956,308.02,2433.9,69082,0.11516748212269477
ATL-BNA,F9,22669,202.58,2433.9,69082,0.32814626096522975
ATL-BOS,B6,19547,240.24,1856.1,33295,0.5870851479201081
ATL-BOS,AA,3878,255.19,1856.1,33295,0.11647394503679231
ATL-BOS,DL,7156,311.07,1856.1,33295,0.21492716624117736
ATL-BOS,UA,2714,319.79,1856.1,33295,0.08151374080192221
ATL-CLT,NK,13870,99.43,1021.9,91431,0.15169909549277596
ATL-CLT,AA,32037,186.54,1021.9,91431,0.3503953801227155
ATL-CLT,WN,1281,187.75,1021.9,91431,0.014010565344358041
ATL-CLT,F9,44243,115.33,1021.9,91431,0.4838949590401505
ATL-CMH,B6,22268,224.29,1595.7,77596,0.28697355533790403
ATL-CMH,AA,6677,237.44,1595.7,77596,0.08604824990978917
ATL-CMH,UA,30612,267.43,1595.7,77596,0.39450487138512297
ATL-CMH,WN,18039,250.11,1595.7,77596,0.23247332336718388
ATL-DCA,B6,4500,114.08,390.9,8305,0.5418422636965683
ATL-DCA,AA,1938,154.61,390.9,8305,0.23335340156532208
ATL-DCA,UA,557,198.06,390.9,8305,0.0670680313064419
ATL-DCA,WN,1310,162.57,390.9,8305,0.15773630343166767
ATL-DFW,NK,3649,144.89,2062.8,10444,0.34938720796629646
ATL-DFW,UA,2536,330.84,2062.8,10444,0.2428188433550364
ATL-DFW,WN,1973,251.43,2062.8,10444,0.18891229414017618
ATL-DFW,AS,2286,256.64,2062.8,10444,0.218881654538491
ATL-DTW,AA,1012,338.29,2122.8,21492,0.047087288293318444
ATL-DTW,WN,20480,290.36,2122.8,21492,0.9529127117066816
ATL-FLL,NK,11866,100.85,1017.2,44912,0.26420555753473457
ATL-FLL,AA,17302,208.69,1017.2,44912,0.385242251514072
ATL-FLL,DL,15744,254.1,1017.2,44912,0.35055219095119344
ATL-IAH,NK,506,157.19,1704.7,6802,0.07438988532784475
ATL-IAH,DL,877,369.24,1704.7,6802,0.12893266686268745
ATL-IAH,UA,602,331.85,1704.7,6802,0.08850338135842399
ATL-IAH,AS,4817,283.38,1704.7,6802,0.7081740664510439
ATL-IND,NK,1484,116.34,976.6,16236,0.09140182310914018
ATL-IND,AA,10447,302.57,976.6,16236,0.6434466617393446
ATL-IND,WN,4305,194.52,976.6,16236,0.26515151515151514
ATL-LGA,AA,763,360.2,2408.7,5246,0.14544414792222646
ATL-LGA,DL,3277,342.53,2408.7,5246,0.6246664125047655
ATL-LGA,WN,1206,231.14,2408.7,5246,0.229889439573008
ATL-MCO,NK,7419,153.75,2573.0,28744,0.2581060395212914
ATL-MCO,DL,21325,376.36,2573.0,28744,0.7418939604787086
ATL-MIA,AA,6953,241.3,1489.5,28148,0.24701577376723036
ATL-MIA,DL,11796,335.46,1489.5,28148,0.4190706266875089
ATL-MIA,UA,9399,270.53,1489.5,28148,0.3339135995452608
ATL-MKE,AA,25589,372.69,2589.6,32495,0.7874749961532543
ATL-MKE,UA,6906,431.17,2589.6,32495,0.21252500384674566
ATL-MSP,NK,34286,87.97,828.6,199173,0.1721418063693372
ATL-MSP,AA,41061,181.59,828.6,199173,0.20615746110165534
ATL-MSP,DL,40297,264.2,828.6,199173,0.202321599815236
ATL-MSP,UA,83529,211.52,828.6,199173,0.4193791327137714
ATL-ORD,NK,14230,101.89,1236.9,26233,0.5424465368047878
ATL-ORD,AA,12003,259.57,1236.9,26233,0.4575534631952121
ATL-PHX,DL,33232,439.27,1893.2,44304,0.7500902853015529
ATL-PHX,AS,11072,296.99,1893.2,44304,0.24990971469844708
ATL-PIT,B6,6411,253.45,2177.9,9201,0.6967720899902184
ATL-PIT,AA,2238,286.93,2177.9,9201,0.24323443104010434
ATL-PIT,UA,552,385.0,2177.9,9201,0.05999347896967721
ATL-RDU,AA,5137,190.77,308.0,14245,0.36061776061776063
ATL-RDU,DL,6163,162.1,308.0,14245,0.43264303264303267
ATL-RDU,UA,1490,140.56,308.0,14245,0.1045981045981046
ATL-RDU,WN,1455,124.3,308.0,14245,0.10214110214110214
ATL-RSW,AA,4640,156.43,517.3,13622,0.34062545881662015
ATL-RSW,UA,1663,180.49,517.3,13622,0.12208192629569814
ATL-RSW,WN,7319,132.42,517.3,13622,0.5372926148876817
ATL-SEA,B6,10178,385.64,2589.1,51874,0.19620619192659136
ATL-SEA,UA,22507,494.69,2589.1,51874,0.43387824343601805
ATL-SEA,F9,19189,139.74,2589.1,51874,0.3699155646373906
ATL-STL,AA,62861,264.2,1095.7,115289,0.5452471614811474
ATL-STL,DL,26993,274.11,1095.7,115289,0.23413335183755604
ATL-STL,UA,25435,222.95,1095.7,115289,0.22061948668129658
AUS-BOS,B6,3449,164.06,1285.0,48614,0.07094664088534167
AUS-BOS,AA,7979,233.88,1285.0,48614,0.16412967457933927
AUS-BOS,DL,6064,360.78,1285.0,48614,0.12473772987205332
AUS-BOS,WN,13748,224.77,1285.0,48614,0.28279919364792033
AUS-BOS,F9,12020,140.29,1285.0,48614,0.24725387748385239
AUS-BOS,AS,5354,277.89,1285.0,48614,0.11013288353149299
AUS-BWI,B6,5158,393.21,2587.6,14837,0.3476444025072454
AUS-BWI,AA,6025,409.58,2587.6,14837,0.40607939610433375
AUS-BWI,UA,3654,482.03,2587.6,14837,0.24627620138842085
AUS-CLE,AA,16324,166.83,989.3,56004,0.29147918005856727
AUS-CLE,DL,19922,276.02,989.3,56004,0.35572459110063565
AUS-CLE,WN,19758,220.3,989.3,56004,0.3527962288407971
AUS-CMH,AA,2004,348.39,2424.1,18956,0.10571850601392699
AUS-CMH,DL,4829,287.97,2424.1,18956,0.25474783709643384
AUS-CMH,UA,8993,477.81,2424.1,18956,0.4744144334247732
AUS-CMH,WN,3130,262.21,2424.1,18956,0.16511922346486602
AUS-DCA,B6,6722,190.17,1503.0,22109,0.30403907910805555
AUS-DCA,NK,5466,137.45,1503.0,22109,0.24722963499027545
AUS-DCA,DL,4653,278.43,1503.0,22109,0.21045727984078882
AUS-DCA,F9,5268,133.94,1503.0,22109,0.23827400606088017
AUS-DTW,UA,24347,364.42,1347.8,35359,0.6885658531067055
AUS-DTW,WN,11012,286.14,1347.8,35359,0.3114341468932945
AUS-EWR,AA,6767,308.16,2139.6,14126,0.4790457312756619
AUS-EWR,WN,7359,292.08,2139.6,14126,0.5209542687243381
AUS-FLL,B6,39199,163.9,1229.7,50046,0.7832594013507573
AUS-FLL,UA,10847,200.18,1229.7,50046,0.2167405986492427
AUS-IAH,DL,13715,265.82,1320.0,23636,0.5802589270604163
AUS-IAH,AS,9921,220.37,1320.0,23636,0.4197410729395837
AUS-JFK,B6,3123,220.23,1689.9,15860,0.19691046658259773
AUS-JFK,DL,12737,282.36,1689.9,15860,0.8030895334174023
AUS-LAS,AA,2990,298.69,1551.2,11511,0.2597515420033012
AUS-LAS,UA,735,259.77,1551.2,11511,0.06385196768308575
AUS-LAS,WN,3747,282.58,1551.2,11511,0.3255147250456085
AUS-LAS,F9,4039,150.82,1551.2,11511,0.3508817652680045
AUS-LAX,B6,21994,98.65,428.5,172867,0.12723076122105434
AUS-LAX,AA,96395,155.12,428.5,172867,0.5576252263300688
AUS-LAX,DL,54478,165.59,428.5,172867,0.3151440124488769
AUS-LGA,B6,13285,208.47,1814.7,70977,0.18717330966369386
AUS-LGA,AA,21152,288.08,1814.7,70977,0.29801203206672583
AUS-LGA,UA,20637,293.84,1814.7,70977,0.2907561604463418
AUS-LGA,WN,15903,272.0,1814.7,70977,0.2240584978232385
AUS-MCO,B6,22141,232.1,1864.3,50538,0.43810597965887055
AUS-MCO,AA,9994,284.89,1864.3,50538,0.19775218647354467
AUS-MCO,DL,15480,308.77,1864.3,50538,0.30630416716134395
AUS-MCO,UA,2923,289.96,1864.3,50538,0.057837666706240846
AUS-MIA,DL,14357,179.77,567.6,57343,0.25037057705386884
AUS-MIA,UA,42986,225.82,567.6,57343,0.7496294229461312
AUS-MKE,AA,2254,315.61,2128.4,12576,0.17923027989821882
AUS-MKE,DL,10322,346.18,2128.4,12576,0.8207697201017812
AUS-MSP,NK,4821,116.49,1138.5,18061,0.2669287414871823
AUS-MSP,DL,2724,264.7,1138.5,18061,0.15082221360943468
AUS-MSP,UA,4597,212.19,1138.5,18061,0.25452632744587783
AUS-MSP,WN,5919,209.82,1138.5,18061,0.32772271745750514
AUS-MSY,AA,14738,326.26,1679.3,50142,0.2939252522835148
AUS-MSY,UA,9403,244.09,1679.3,50142,0.18752742212117587
AUS-MSY,F9,26001,134.68,1679.3,50142,0.5185473255953094
AUS-ORD,B6,801,122.73,588.5,2961,0.270516717325228
AUS-ORD,WN,1405,144.44,588.5,2961,0.4745018574805809
AUS-ORD,F9,755,91.2,588.5,2961,0.25498142519419115
AUS-PBI,B6,38078,154.23,456.5,46600,0.8171244635193133
AUS-PBI,DL,8522,155.01,456.5,46600,0.1828755364806867
AUS-PHX,B6,6295,174.94,789.5,22957,0.27420830247854683
AUS-PHX,AA,2725,189.21,789.5,22957,0.11870017859476413
AUS-PHX,UA,4846,223.81,789.5,22957,0.21109029925512915
AUS-PHX,WN,9091,166.13,789.5,22957,0.3960012196715599
AUS-RDU,B6,2675,199.85,2169.3,7568,0.35346194503171247
AUS-RDU,DL,1368,394.73,2169.3,7568,0.18076109936575052
AUS-RDU,UA,1597,317.42,2169.3,7568,0.21102008456659618
AUS-RDU,WN,1928,277.93,2169.3,7568,0.2547568710359408
AUS-RSW,B6,3001,174.74,1242.9,10042,0.29884485162318264
AUS-RSW,AA,3255,260.59,1242.9,10042,0.3241386178052181
AUS-RSW,DL,1638,234.28,1242.9,10042,0.163114917347142
AUS-RSW,UA,2148,266.54,1242.9,10042,0.21390161322445728
AUS-SAN,AA,11850,220.71,715.9,32462,0.36504220319142383
AUS-SAN,DL,4886,160.57,715.9,32462,0.15051444766188157
AUS-SAN,AS,15726,175.91,715.9,32462,0.4844433491466946
AUS-SAT,B6,3409,141.33,636.0,12639,0.2697207057520373
AUS-SAT,AA,2587,186.41,636.0,12639,0.2046839148666825
AUS-SAT,DL,3673,224.06,636.0,12639,0.29060843421156735
AUS-SAT,UA,2970,239.71,636.0,12639,0.2349869451697128
AUS-SFO,B6,872,225.77,1380.6,9179,0.09499945527835277
AUS-SFO,AA,2088,293.95,1380.6,9179,0.2274757598866979
AUS-SFO,DL,1633,275.09,1380.6,9179,0.17790608998801613
AUS-SFO,WN,3362,223.2,1380.6,9179,0.3662708356030069
AUS-SFO,F9,1224,130.87,1380.6,9179,0.13334785924392636
AUS-SJU,AA,9840,310.48,2213.9,25964,0.37898628870744105
AUS-SJU,DL,6284,332.57,2213.9,25964,0.24202742258511786
AUS-SJU,UA,9840,419.84,2213.9,25964,0.37898628870744105
AUS-STL,AA,2202,403.44,2462.0,19433,0.11331240673081872
AUS-STL,WN,17231,336.37,2462.0,19433,0.8866875932691813
BNA-BOS,AA,2210,446.72,2591.0,16057,0.13763467646509311
BNA-BOS,DL,1989,325.74,2591.0,16057,0.1238712088185838
BNA-BOS,UA,3332,328.93,2591.0,16057,0.20751074297814037
BNA-BOS,WN,6073,324.1,2591.0,16057,0.3782151086753441
BNA-BOS,F9,2453,169.75,2591.0,16057,0.15276826306283864
BNA-CLE,DL,40689,306.02,1400.8,99240,0.410006045949214
BNA-CLE,F9,58551,124.94,1400.8,99240,0.5899939540507859
BNA-CLT,AA,5707,305.54,1880.2,8352,0.6833093869731801
BNA-CLT,DL,2645,318.7,1880.2,8352,0.31669061302681994
BNA-CMH,NK,7599,94.75,844.7,17526,0.43358438890790824
BNA-CMH,WN,9927,141.68,844.7,17526,0.5664156110920917
BNA-DFW,NK,15533,120.49,2564.8,74757,0.20777987345666626
BNA-DFW,AA,13853,413.11,2564.8,74757,0.18530706154607596
BNA-DFW,UA,45371,372.34,2564.8,74757,0.6069130649972578
BNA-DTW,B6,13662,108.04,610.6,51797,0.26376044944687915
BNA-DTW,UA,17849,165.18,610.6,51797,0.3445952468289669
BNA-DTW,WN,20286,191.59,610.6,51797,0.39164430372415393
BNA-EWR,UA,34616,211.54,1098.0,50460,0.686008719778042
BNA-EWR,WN,15844,186.48,1098.0,50460,0.313991280221958
BNA-FLL,AA,7027,222.72,1485.3,43302,0.16227887857373793
BNA-FLL,DL,19428,335.04,1485.3,43302,0.4486628793127338
BNA-FLL,WN,16847,184.86,1485.3,43302,0.38905824211352824
BNA-IAH,AA,15937,188.95,607.1,30574,0.5212598940276052
BNA-IAH,DL,14637,189.65,607.1,30574,0.47874010597239486
BNA-IND,DL,65750,304.76,2205.6,71557,0.9188479114552035
BNA-IND,WN,5807,273.28,2205.6,71557,0.08115208854479646
BNA-JFK,AA,11710,180.98,926.3,37986,0.3082714684357395
BNA-JFK,WN,26276,156.59,926.3,37986,0.6917285315642605
BNA-LAS,NK,19841,97.93,571.8,41944,0.47303547587259204
BNA-LAS,AA,9763,195.5,571.8,41944,0.23276273126072858
BNA-LAS,DL,11173,190.23,571.8,41944,0.2663789814991417
BNA-LAS,AS,1167,175.79,571.8,41944,0.02782281136753767
BNA-LAX,AA,30675,237.77,1178.1,105829,0.2898543877387106
BNA-LAX,AS,75154,232.75,1178.1,105829,0.7101456122612895
BNA-LGA,B6,8465,308.45,2095.2,17238,0.491066248984801
BNA-LGA,UA,7413,372.49,2095.2,17238,0.43003828750435086
BNA-LGA,F9,1360,144.79,2095.2,17238,0.07889546351084813
BNA-MCO,AA,3019,145.51,493.1,12706,0.2376042814418385
BNA-MCO,DL,1970,145.09,493.1,12706,0.1550448606957343
BNA-MCO,UA,4462,198.56,493.1,12706,0.35117267432708954
BNA-MCO,AS,3255,165.78,493.1,12706,0.2561781835353376
BNA-MSP,NK,8802,128.25,1516.9,23629,0.37250835837318547
BNA-MSP,DL,4424,312.57,1516.9,23629,0.18722755935502983
BNA-MSP,WN,10403,249.33,1516.9,23629,0.44026408227178465
BNA-ORD,AA,12098,260.13,1196.2,39447,0.3066899890992978
BNA-ORD,DL,14870,272.09,1196.2,39447,0.3769614926356884
BNA-ORD,WN,12479,177.28,1196.2,39447,0.3163485182650138
BNA-PBI,AA,4322,288.09,1604.2,27577,0.15672480690430432
BNA-PBI,UA,23255,289.58,1604.2,27577,0.8432751930956957
BNA-PHL,DL,1467,187.65,612.1,80254,0.01827946270590874
BNA-PHL,UA,78787,173.63,612.1,80254,0.9817205372940913
BNA-PHX,AA,28815,373.04,2252.6,41615,0.6924185990628379
BNA-PHX,UA,12800,292.41,2252.6,41615,0.3075814009371621
BNA-PIT,AA,15855,190.06,678.1,27927,0.5677301536147814
BNA-PIT,DL,12072,213.36,678.1,27927,0.4322698463852186
BNA-RDU,AA,8739,282.17,2227.3,14647,0.5966409503652625
BNA-RDU,DL,1899,301.14,2227.3,14647,0.1296511230968799
BNA-RDU,WN,4009,316.61,2227.3,14647,0.2737079265378576
BNA-SAT,AA,29887,315.78,2524.5,43862,0.6813870776526378
BNA-SAT,WN,13975,332.03,2524.5,43862,0.31861292234736216
BNA-SEA,AA,14491,275.69,1303.7,28612,0.5064658185376765
BNA-SEA,UA,4356,271.21,1303.7,28612,0.1522438137844261
BNA-SEA,WN,9765,208.01,1303.7,28612,0.3412903676778974
BNA-SJU,UA,13177,250.39,779.8,16926,0.7785064397967624
BNA-SJU,WN,3749,201.25,779.8,16926,0.22149356020323763
BNA-STL,AA,5217,212.39,419.8,64859,0.08043602275705762
BNA-STL,DL,16408,169.08,419.8,64859,0.25297954023342945
BNA-STL,UA,31991,193.49,419.8,64859,0.4932391803758923
BNA-STL,WN,3849,135.01,419.8,64859,0.059344115697127615
BNA-STL,AS,7394,135.38,419.8,64859,0.11400114093649301
BNA-TPA,DL,2045,188.94,431.8,4864,0.4204358552631579
BNA-TPA,UA,1012,233.87,431.8,4864,0.2080592105263158
BNA-TPA,F9,1807,70.48,431.8,4864,0.3715049342105263
BOS-BWI,DL,3161,312.36,1474.9,3800,0.8318421052631579
BOS-BWI,F9,639,127.92,1474.9,3800,0.16815789473684212
BOS-CLT,DL,52009,342.57,1683.5,97072,0.5357775671666392
BOS-CLT,UA,45063,296.51,1683.5,97072,0.4642224328333608
BOS-DCA,NK,4343,134.33,1924.2,26962,0.16107855500333804
BOS-DCA,AA,8317,343.01,1924.2,26962,0.30847118166308135
BOS-DCA,DL,7545,366.14,1924.2,26962,0.2798382909279727
BOS-DCA,UA,1757,397.85,1924.2,26962,0.06516578888806468
BOS-DCA,WN,5000,259.77,1924.2,26962,0.18544618351754322
BOS-DEN,DL,1214,305.11,1298.8,6867,0.17678753458569973
BOS-DEN,UA,1377,247.94,1298.8,6867,0.20052424639580602
BOS-DEN,F9,4276,112.14,1298.8,6867,0.6226882190184942
BOS-DTW,AA,34848,196.06,719.8,40675,0.8567424708051629
BOS-DTW,DL,2323,238.08,719.8,40675,0.05711124769514444
BOS-DTW,F9,3504,105.84,719.8,40675,0.08614628149969268
BOS-EWR,AA,1874,205.62,744.7,14412,0.13003053011379406
BOS-EWR,DL,2987,216.88,744.7,14412,0.2072578406883153
BOS-EWR,UA,2729,262.49,744.7,14412,0.18935609214543436
BOS-EWR,WN,6822,196.68,744.7,14412,0.4733555370524563
BOS-FLL,B6,44205,219.62,1843.8,215689,0.20494786474970908
BOS-FLL,AA,49574,299.67,1843.8,215689,0.22984018656491523
BOS-FLL,UA,37114,289.73,1843.8,215689,0.17207182563783965
BOS-FLL,F9,84796,121.34,1843.8,215689,0.39314012304753604
BOS-IAH,NK,5544,120.62,1328.5,36610,0.151434034416826
BOS-IAH,AA,16471,230.75,1328.5,36610,0.4499043977055449
BOS-IAH,UA,8761,263.04,1328.5,36610,0.23930620049166895
BOS-IAH,WN,5834,194.72,1328.5,36610,0.15935536738596012
BOS-JFK,B6,26016,212.58,2192.6,110535,0.2353643642285249
BOS-JFK,AA,14410,388.29,2192.6,110535,0.13036594743746324
BOS-JFK,DL,70109,323.43,2192.6,110535,0.6342696883340119
BOS-LAS,DL,7101,317.9,1703.5,21649,0.32800591251328004
BOS-LAS,UA,7063,274.69,1703.5,21649,0.3262506351332625
BOS-LAS,WN,7485,200.53,1703.5,21649,0.34574345235345744
BOS-MCO,B6,18574,126.47,780.0,55297,0.33589525652386204
BOS-MCO,UA,24411,185.14,780.0,55297,0.4414525200282113
BOS-MCO,WN,12312,143.73,780.0,55297,0.22265222344792665
BOS-MIA,AA,122032,308.65,2314.7,139969,0.8718501954004101
BOS-MIA,F9,17937,150.95,2314.7,139969,0.1281498045995899
BOS-MKE,AA,5452,218.69,1476.0,35213,0.15482918240422572
BOS-MKE,DL,13146,273.25,1476.0,35213,0.3733280322608128
BOS-MKE,WN,12219,194.44,1476.0,35213,0.3470025274756482
BOS-MKE,F9,4396,134.31,1476.0,35213,0.12484025785931332
BOS-MSP,AA,1724,387.8,2438.7,6471,0.26641940967392985
BOS-MSP,DL,2679,398.08,2438.7,6471,0.4140009272137228
BOS-MSP,WN,2068,291.56,2438.7,6471,0.3195796631123474
BOS-MSY,AA,16300,161.91,531.7,39338,0.4143576185876252
BOS-MSY,DL,6048,232.15,531.7,39338,0.1537444709949667
BOS-MSY,WN,16990,155.58,531.7,39338,0.4318979104174081
BOS-ORD,B6,11513,214.18,1330.3,22898,0.5027950039304743
BOS-ORD,WN,11385,207.84,1330.3,22898,0.49720499606952573
BOS-PBI,B6,6423,263.7,2108.1,28712,0.22370437447757036
BOS-PBI,DL,9576,385.74,2108.1,28712,0.3335190860964057
BOS-PBI,WN,12713,268.01,2108.1,28712,0.44277653942602396
BOS-PHX,AA,2815,348.79,2110.7,9677,0.2908959388240157
BOS-PHX,WN,2672,321.46,2110.7,9677,0.27611863180737833
BOS-PHX,AS,4190,295.16,2110.7,9677,0.43298542936860596
BOS-RSW,B6,14471,129.08,393.6,57039,0.2537036063044584
BOS-RSW,AA,16191,149.23,393.6,57039,0.28385841266501866
BOS-RSW,WN,12449,130.68,393.6,57039,0.21825417696663688
BOS-RSW,AS,13928,137.32,393.6,57039,0.24418380406388612
BOS-SAT,AA,13275,289.84,1174.7,27405,0.48440065681444994
BOS-SAT,F9,14130,129.29,1174.7,27405,0.5155993431855501
BOS-SEA,AA,61515,143.1,304.3,148692,0.4137075296586232
BOS-SEA,DL,51903,156.36,304.3,148692,0.34906383665563717
BOS-SEA,WN,35274,119.51,304.3,148692,0.23722863368573965
BOS-SFO,AA,23474,337.23,2241.3,108011,0.21732971641777227
BOS-SFO,DL,84537,358.51,2241.3,108011,0.7826702835822278
BOS-SJU,B6,5039,203.55,1574.3,34310,0.14686680268143398
BOS-SJU,DL,12859,377.79,1574.3,34310,0.3747886913436316
BOS-SJU,UA,4350,243.24,1574.3,34310,0.12678519382104342
BOS-SJU,WN,12062,223.24,1574.3,34310,0.35155931215389097
BWI-CLE,B6,10538,203.81,1510.1,28211,0.3735422352982879
BWI-CLE,NK,1963,106.87,1510.1,28211,0.06958278685619085
BWI-CLE,AA,2741,208.51,1510.1,28211,0.09716068200347382
BWI-CLE,DL,5019,300.92,1510.1,28211,0.17790932614937435
BWI-CLE,WN,3393,219.21,1510.1,28211,0.12027223423487292
BWI-CLE,F9,4557,137.53,1510.1,28211,0.16153273545780014
BWI-DCA,B6,8027,142.64,733.5,22995,0.3490758860621874
BWI-DCA,AA,8558,193.86,733.5,22995,0.3721678625788215
BWI-DCA,DL,1985,191.9,733.5,22995,0.08632311372037399
BWI-DCA,F9,4425,94.0,733.5,22995,0.19243313763861708
BWI-DEN,B6,7233,167.35,1209.8,48266,0.14985704222434013
BWI-DEN,NK,32581,102.13,1209.8,48266,0.6750300418514068
BWI-DEN,UA,3891,287.07,1209.8,48266,0.08061575436124808
BWI-DEN,AS,4561,254.67,1209.8,48266,0.09449716156300501
BWI-DTW,B6,5760,142.75,622.2,33361,0.17265669494319716
BWI-DTW,NK,5989,83.73,622.2,33361,0.17952099757201523
BWI-DTW,DL,8863,195.19,622.2,33361,0.26566949431971465
BWI-DTW,UA,6552,199.89,622.2,33361,0.19639699049788675
BWI-DTW,F9,2900,95.6,622.2,33361,0.08692784988459579
BWI-DTW,AS,3297,179.63,622.2,33361,0.09882797278259045
BWI-EWR,NK,1617,149.06,1392.2,7321,0.22087146564676957
BWI-EWR,AA,3532,256.07,1392.2,7321,0.4824477530392023
BWI-EWR,DL,1655,253.44,1392.2,7321,0.22606201338614942
BWI-EWR,F9,517,125.48,1392.2,7321,0.0706187679278787
BWI-JFK,B6,7008,179.0,991.2,41953,0.16704407312945438
BWI-JFK,AA,5509,235.51,991.2,41953,0.13131361285247778
BWI-JFK,DL,29436,243.7,991.2,41953,0.7016423140180679
BWI-LGA,B6,10429,241.53,945.5,33549,0.31085874392679363
BWI-LGA,AA,3775,219.85,945.5,33549,0.1125219827714686
BWI-LGA,UA,14487,251.12,945.5,33549,0.4318161495126531
BWI-LGA,WN,4858,204.7,945.5,33549,0.1448031237890846
BWI-MIA,NK,2868,172.17,2288.1,16956,0.16914366595895258
BWI-MIA,AA,3342,375.4,2288.1,16956,0.19709837225760793
BWI-MIA,DL,2756,369.46,2288.1,16956,0.16253833451285682
BWI-MIA,WN,3478,257.79,2288.1,16956,0.20511913187072423
BWI-MIA,F9,4512,176.9,2288.1,16956,0.26610049539985847
BWI-MKE,AA,30902,204.49,1066.8,51347,0.601826786375056
BWI-MKE,UA,20445,272.44,1066.8,51347,0.398173213624944
BWI-MSY,DL,6497,411.63,2031.0,27702,0.23453180275792362
BWI-MSY,UA,9985,369.47,2031.0,27702,0.3604432892931918
BWI-MSY,WN,4013,206.03,2031.0,27702,0.14486318677351817
BWI-MSY,AS,7207,278.77,2031.0,27702,0.2601617211753664
BWI-ORD,NK,22007,82.53,544.9,43167,0.509810735052239
BWI-ORD,UA,21160,223.38,544.9,43167,0.490189264947761
BWI-PBI,B6,14071,161.21,642.1,29159,0.48256113035426457
BWI-PBI,AA,3106,272.84,642.1,29159,0.10651942796392194
BWI-PBI,DL,3271,174.34,642.1,29159,0.11217805823244967
BWI-PBI,UA,2532,168.7,642.1,29159,0.08683425357522549
BWI-PBI,WN,6179,157.15,642.1,29159,0.21190712987413834
BWI-PHL,B6,9867,198.33,1531.9,40163,0.24567387894330603
BWI-PHL,NK,8107,98.07,1531.9,40163,0.20185245126111098
BWI-PHL,AA,8678,281.44,1531.9,40163,0.21606951671936858
BWI-PHL,DL,13511,361.92,1531.9,40163,0.3364041530762144
BWI-PHX,AA,3601,187.57,856.0,10001,0.36006399360063995
BWI-PHX,F9,6400,106.41,856.0,10001,0.6399360063993601
BWI-PIT,DL,3311,209.09,876.3,15137,0.21873554865561207
BWI-PIT,UA,5450,259.57,876.3,15137,0.3600449230362687
BWI-PIT,WN,6376,182.06,876.3,15137,0.42121952830811915
BWI-SAN,NK,30324,172.91,2210.6,77274,0.3924217718766985
BWI-SAN,AA,46950,364.62,2210.6,77274,0.6075782281233015
BWI-SJU,B6,54334,197.63,822.5,79321,0.684988842803293
BWI-SJU,DL,24987,232.3,822.5,79321,0.315011157196707
BWI-STL,DL,5231,359.11,2207.8,15248,0.3430613850996852
BWI-STL,UA,5931,324.11,2207.8,15248,0.38896904512067154
BWI-STL,F9,4086,165.58,2207.8,15248,0.26796956977964326
BWI-TPA,B6,6584,231.7,2216.0,21273,0.3095003055516382
BWI-TPA,NK,7456,217.32,2216.0,21273,0.3504912330183801
BWI-TPA,UA,1827,294.5,2216.0,21273,0.08588351431391905
BWI-TPA,WN,5406,293.84,2216.0,21273,0.2541249471160626
CLE-CMH,AA,9021,221.47,831.1,21213,0.4252580964502899
CLE-CMH,DL,4326,252.83,831.1,21213,0.203931551407156
CLE-CMH,UA,5981,168.36,831.1,21213,0.2819497477961627
CLE-CMH,WN,1885,149.72,831.1,21213,0.08886060434639137
CLE-DEN,DL,40250,194.08,474.2,57202,0.7036467256389637
CLE-DEN,UA,4246,189.89,474.2,57202,0.07422817384007552
CLE-DEN,WN,825,126.98,474.2,57202,0.014422572637320373
CLE-DEN,F9,11881,99.43,474.2,57202,0.20770252788364044
CLE-DFW,NK,13283,112.0,1448.6,109829,0.12094255615547807
CLE-DFW,DL,13116,315.57,1448.6,109829,0.11942201058008359
CLE-DFW,UA,17142,296.35,1448.6,109829,0.1560789955294139
CLE-DFW,F9,30007,115.82,1448.6,109829,0.2732156352147429
CLE-DFW,AS,36281,276.12,1448.6,109829,0.33034080252028153
CLE-DTW,B6,7782,186.95,961.2,32193,0.24172956853974467
CLE-DTW,NK,9265,119.86,961.2,32193,0.28779548349019973
CLE-DTW,DL,7134,235.81,961.2,32193,0.2216009691547852
CLE-DTW,UA,8012,231.7,961.2,32193,0.2488739788152704
CLE-FLL,NK,6574,108.21,1319.2,45695,0.14386694386694387
CLE-FLL,DL,37836,258.13,1319.2,45695,0.8280118174855017
CLE-FLL,WN,1285,292.17,1319.2,45695,0.028121238647554437
CLE-IAH,NK,27344,159.71,2517.1,87376,0.3129463468229262
CLE-IAH,AA,13643,371.29,2517.1,87376,0.1561412744918513
CLE-IAH,DL,8419,316.75,2517.1,87376,0.09635368980040286
CLE-IAH,UA,16430,428.0,2517.1,87376,0.18803790514557772
CLE-IAH,WN,21540,303.4,2517.1,87376,0.24652078373924188
CLE-IND,AA,7444,403.46,2352.8,16359,0.45504003912219576
CLE-IND,DL,4225,414.42,2352.8,16359,0.2582676202701877
CLE-IND,F9,4690,206.35,2352.8,16359,0.2866923406076166
CLE-LAS,AA,58773,163.26,489.1,114358,0.5139386837825075
CLE-LAS,DL,28534,188.52,489.1,114358,0.24951468196365797
CLE-LAS,AS,27051,130.72,489.1,114358,0.23654663425383446
CLE-MKE,AA,9483,342.42,2047.9,86622,0.10947565283646186
CLE-MKE,DL,26097,370.39,2047.9,86622,0.3012745030130914
CLE-MKE,UA,51042,326.2,2047.9,86622,0.5892498441504468
CLE-MSY,UA,24068,233.75,1096.9,34369,0.700282231080334
CLE-MSY,WN,10301,208.66,1096.9,34369,0.299717768919666
CLE-ORD,NK,2051,134.17,1775.5,6115,0.3354047424366312
CLE-ORD,DL,2629,255.5,1775.5,6115,0.42992641046606705
CLE-ORD,F9,1435,172.76,1775.5,6115,0.2346688470973017
CLE-PHX,B6,6584,133.02,896.0,30151,0.21836754999834168
CLE-PHX,AA,8157,225.44,896.0,30151,0.27053829060396006
CLE-PHX,WN,6576,158.06,896.0,30151,0.21810221883187955
CLE-PHX,F9,8834,78.46,896.0,30151,0.29299194056581873
CLE-RSW,DL,80345,187.06,764.8,122255,0.6571919348901886
CLE-RSW,WN,41910,160.28,764.8,122255,0.34280806510981143
CLE-SAT,B6,10436,206.38,1087.1,35031,0.2979075675829979
CLE-SAT,AA,13329,210.47,1087.1,35031,0.38049156461419886
CLE-SAT,DL,7025,195.6,1087.1,35031,0.20053666752305102
CLE-SAT,UA,4241,209.72,1087.1,35031,0.12106420027975222
CLE-SEA,B6,17983,285.83,2598.1,38688,0.46482113316790735
CLE-SEA,AA,5040,454.45,2598.1,38688,0.13027295285359802
CLE-SEA,UA,9083,394.37,2598.1,38688,0.23477564102564102
CLE-SEA,WN,6582,332.22,2598.1,38688,0.1701302729528536
CLE-SJU,B6,5571,238.44,1547.8,56485,0.09862795432415686
CLE-SJU,NK,13770,147.46,1547.8,56485,0.24378153492077542
CLE-SJU,AA,23552,287.32,1547.8,56485,0.4169602549349385
CLE-SJU,WN,13592,233.36,1547.8,56485,0.24063025582012923
CLE-TPA,UA,26940,364.78,2473.6,57114,0.47168820254228383
CLE-TPA,WN,30174,355.48,2473.6,57114,0.5283117974577162
CLT-CMH,AA,13232,290.98,2057.5,21790,0.607251032583754
CLT-CMH,DL,8558,265.38,2057.5,21790,0.392748967416246
CLT-DCA,AA,19241,217.54,992.4,66202,0.2906407661399958
CLT-DCA,UA,25606,253.88,992.4,66202,0.38678589770701793
CLT-DCA,F9,21355,87.71,992.4,66202,0.32257333615298633
CLT-DEN,AA,14676,233.86,1500.4,33820,0.4339444115907747
CLT-DEN,DL,19144,310.84,1500.4,33820,0.5660555884092253
CLT-DFW,DL,11366,321.41,2098.3,25512,0.4455158356851678
CLT-DFW,UA,14146,390.75,2098.3,25512,0.5544841643148323
CLT-IND,AA,10173,169.87,417.9,17526,0.5804519000342349
CLT-IND,DL,4529,165.17,417.9,17526,0.2584160675567728
CLT-IND,UA,2824,196.59,417.9,17526,0.16113203240899235
CLT-JFK,AA,1799,171.81,503.5,12146,0.14811460563148363
CLT-JFK,WN,10347,157.16,503.5,12146,0.8518853943685164
CLT-LAS,AA,11703,216.04,902.0,23059,0.5075241771108895
CLT-LAS,DL,6672,214.94,902.0,23059,0.2893447244026194
CLT-LAS,WN,4684,150.19,902.0,23059,0.20313109848649116
CLT-LAX,AA,3895,277.36,868.2,33516,0.11621315192743764
CLT-LAX,DL,10927,293.53,868.2,33516,0.3260233918128655
CLT-LAX,F9,1916,92.78,868.2,33516,0.05716672633965867
CLT-LAX,AS,16778,211.88,868.2,33516,0.5005967299200382
CLT-LGA,B6,52226,232.64,2177.4,154965,0.33701803633078437
CLT-LGA,AA,32946,341.76,2177.4,154965,0.2126028458038912
CLT-LGA,DL,23260,368.2,2177.4,154965,0.15009840931823315
CLT-LGA,WN,22164,280.0,2177.4,154965,0.14302584454554254
CLT-LGA,AS,24369,366.31,2177.4,154965,0.15725486400154873
CLT-MCO,AA,33441,223.19,859.6,46700,0.7160813704496788
CLT-MCO,DL,7999,221.78,859.6,46700,0.1712847965738758
CLT-MCO,UA,5260,185.72,859.6,46700,0.1126338329764454
CLT-MIA,WN,14601,263.35,1596.2,27414,0.532611074633399
CLT-MIA,F9,12813,170.55,1596.2,27414,0.467388925366601
CLT-MSY,UA,4769,304.5,2010.0,10608,0.4495663650075415
CLT-MSY,F9,5839,154.13,2010.0,10608,0.5504336349924586
CLT-ORD,AA,8477,384.2,1973.6,19607,0.432345590860407
CLT-ORD,UA,11130,278.52,1973.6,19607,0.567654409139593
CLT-PBI,UA,6722,318.27,1760.9,13103,0.513012287262459
CLT-PBI,WN,6381,256.53,1760.9,13103,0.48698771273754105
CLT-PHX,AA,14938,308.89,2260.8,18301,0.8162395497513797
CLT-PHX,F9,3363,184.97,2260.8,18301,0.18376045024862028
CLT-PIT,AA,15348,197.68,853.1,42069,0.36482920915638595
CLT-PIT,UA,4569,176.3,853.1,42069,0.10860728802681309
CLT-PIT,WN,4252,180.79,853.1,42069,0.10107204830159976
CLT-PIT,AS,17900,199.58,853.1,42069,0.4254914545152012
CLT-RDU,AA,40034,197.96,346.7,96831,0.41344197622662165
CLT-RDU,DL,56797,190.15,346.7,96831,0.5865580237733784
CLT-RSW,NK,1164,72.33,399.4,2896,0.40193370165745856
CLT-RSW,DL,1732,156.88,399.4,2896,0.5980662983425414
CLT-SAN,B6,5273,274.03,2357.5,15100,0.349205298013245
CLT-SAN,AA,3138,444.29,2357.5,15100,0.20781456953642385
CLT-SAN,DL,1474,351.45,2357.5,15100,0.0976158940397351
CLT-SAN,UA,5215,469.04,2357.5,15100,0.34536423841059605
CLT-SJU,AA,21857,206.87,767.2,95199,0.22959274782298134
CLT-SJU,DL,28204,238.48,767.2,95199,0.296263616214456
CLT-SJU,UA,12908,194.35,767.2,95199,0.13558965955524743
CLT-SJU,WN,15984,159.52,767.2,95199,0.16790092332902656
CLT-SJU,AS,16246,216.99,767.2,95199,0.17065305307828862
CLT-TPA,AA,36092,246.11,2036.6,108273,0.33334256924625716
CLT-TPA,DL,30434,382.0,2036.6,108273,0.28108577392332346
CLT-TPA,UA,41747,247.91,2036.6,108273,0.3855716568304194
CMH-DCA,AA,5781,289.64,1317.6,10780,0.5362708719851577
CMH-DCA,F9,4999,143.85,1317.6,10780,0.4637291280148423
CMH-DEN,AA,86448,164.47,371.4,88075,0.981527107578768
CMH-DEN,UA,1627,139.12,371.4,88075,0.018472892421231905
CMH-DTW,DL,40240,186.58,1009.9,46802,0.8597923165676681
CMH-DTW,F9,6562,113.59,1009.9,46802,0.14020768343233195
CMH-EWR,AA,2356,294.61,958.6,5457,0.4317390507604911
CMH-EWR,DL,1911,239.49,958.6,5457,0.35019241341396373
CMH-EWR,UA,1190,232.88,958.6,5457,0.21806853582554517
CMH-IAH,AA,12246,194.0,1030.2,102433,0.11955131647027813
CMH-IAH,DL,71696,246.58,1030.2,102433,0.6999306863998906
CMH-IAH,UA,18491,172.8,1030.2,102433,0.18051799712983121
CMH-IND,NK,2790,139.68,2180.4,20719,0.1346590086394131
CMH-IND,AA,1008,403.78,2180.4,20719,0.048650996669723445
CMH-IND,DL,4507,375.83,2180.4,20719,0.21752980356194798
CMH-IND,UA,4261,332.04,2180.4,20719,0.2056566436604083
CMH-IND,WN,8153,297.1,2180.4,20719,0.3935035474685072
CMH-JFK,AA,48712,361.33,1715.4,110872,0.43935348870769897
CMH-JFK,AS,62160,345.31,1715.4,110872,0.560646511292301
CMH-LAX,AA,11683,132.06,559.0,79379,0.1471799846306958
CMH-LAX,DL,37675,186.03,559.0,79379,0.4746217513448141
CMH-LAX,UA,14752,221.68,559.0,79379,0.18584260320739743
CMH-LAX,F9,15269,89.11,559.0,79379,0.19235566081709268
CMH-LGA,DL,14625,278.67,2089.7,28240,0.5178824362606232
CMH-LGA,AS,13615,268.8,2089.7,28240,0.48211756373937675
CMH-MSP,AA,5579,300.89,1612.1,12896,0.43261476426799006
CMH-MSP,F9,5729,160.94,1612.1,12896,0.44424627791563276
CMH-MSP,AS,1588,229.37,1612.1,12896,0.12313895781637717
CMH-PBI,NK,46846,171.83,1814.0,77619,0.6035377935814684
CMH-PBI,DL,6320,298.25,1814.0,77619,0.08142336283641892
CMH-PBI,AS,24453,344.7,1814.0,77619,0.31503884358211265
CMH-PHL,AA,4014,261.97,1788.3,111423,0.03602487816698527
CMH-PHL,DL,15652,317.77,1788.3,111423,0.14047369035118423
CMH-PHL,UA,3851,246.93,1788.3,111423,0.034561984509481884
CMH-PHL,WN,29907,250.37,1788.3,111423,0.2684095743248701
CMH-PHL,F9,57999,160.72,1788.3,111423,0.5205298726474785
CMH-SAN,NK,7236,90.39,960.8,9589,0.7546146626342685
CMH-SAN,AA,1444,247.23,960.8,9589,0.15058921681092918
CMH-SAN,DL,909,238.79,960.8,9589,0.09479612055480238
CMH-SAT,AA,7981,263.41,1707.5,23336,0.34200377099760026
CMH-SAT,DL,3463,263.59,1707.5,23336,0.14839732601988345
CMH-SAT,UA,8534,249.35,1707.5,23336,0.36570106273568737
CMH-SAT,AS,3358,326.62,1707.5,23336,0.14389784024682895
CMH-SEA,NK,21141,64.03,314.3,139711,0.15131950955901827
CMH-SEA,AA,16500,139.62,314.3,139711,0.11810093693409968
CMH-SEA,DL,4916,197.06,314.3,139711,0.035186921573820244
CMH-SEA,F9,97154,70.88,314.3,139711,0.6953926319330618
CMH-SFO,AA,5189,275.5,2027.4,9409,0.5514932511425231
CMH-SFO,F9,4220,154.26,2027.4,9409,0.4485067488574769
CMH-SJU,AA,5858,250.76,983.1,10919,0.5364960161186922
CMH-SJU,DL,2638,211.94,983.1,10919,0.24159721586225844
CMH-SJU,UA,2423,216.09,983.1,10919,0.22190676801904935
CMH-TPA,B6,74461,248.62,2554.6,85273,0.8732072285483096
CMH-TPA,AA,10812,322.12,2554.6,85273,0.12679277145169046
DCA-DEN,AA,23004,244.88,1288.4,41843,0.5497693760007648
DCA-DEN,DL,18839,357.48,1288.4,41843,0.45023062399923525
DCA-DFW,NK,2897,147.44,2341.0,38545,0.07515890517576858
DCA-DFW,AA,5368,398.83,2341.0,38545,0.13926579322869373
DCA-DFW,DL,15841,327.79,2341.0,38545,0.41097418601634456
DCA-DFW,UA,10837,322.28,2341.0,38545,0.2811519003761837
DCA-DFW,F9,3602,175.43,2341.0,38545,0.09344921520300947
DCA-DTW,AA,41720,235.96,1178.5,63165,0.6604923612760231
DCA-DTW,DL,21445,250.04,1178.5,63165,0.3395076387239769
DCA-EWR,AA,6730,151.9,548.2,12997,0.5178118027237054
DCA-EWR,DL,6267,179.62,548.2,12997,0.48218819727629453
DCA-FLL,B6,18902,181.16,527.7,55587,0.3400435353589868
DCA-FLL,AA,5699,161.33,527.7,55587,0.10252397143216939
DCA-FLL,DL,14554,176.56,527.7,55587,0.2618238077248278
DCA-FLL,UA,16432,201.82,527.7,55587,0.29560868548401603
DCA-IAH,DL,39901,309.01,1870.3,93304,0.427645117036783
DCA-IAH,UA,10465,273.01,1870.3,93304,0.11216025036440024
DCA-IAH,WN,42938,266.52,1870.3,93304,0.46019463259881677
DCA-IND,B6,10437,215.51,2241.4,41813,0.24961136488651856
DCA-IND,AA,8176,409.91,2241.4,41813,0.19553727309688373
DCA-IND,DL,8105,351.5,2241.4,41813,0.1938392366010571
DCA-IND,WN,3844,286.67,2241.4,41813,0.0919331308444742
DCA-IND,F9,11251,163.12,2241.4,41813,0.26907899457106643
DCA-JFK,B6,5279,146.69,679.0,28813,0.18321590948530178
DCA-JFK,AA,6695,201.69,679.0,28813,0.2323603928782147
DCA-JFK,DL,2176,240.24,679.0,28813,0.07552146600492833
DCA-JFK,UA,3285,197.2,679.0,28813,0.11401103668482976
DCA-JFK,WN,11378,186.11,679.0,28813,0.3948911949467254
DCA-LAS,B6,2592,305.95,2098.8,18976,0.13659359190556492
DCA-LAS,AA,2599,410.03,2098.8,18976,0.13696247892074198
DCA-LAS,DL,2102,329.97,2098.8,18976,0.11077150084317032
DCA-LAS,UA,3929,314.74,2098.8,18976,0.20705101180438448
DCA-LAS,WN,3103,249.89,2098.8,18976,0.16352234401349072
DCA-LAS,F9,4651,127.59,2098.8,18976,0.24509907251264756
DCA-LAX,B6,8400,127.18,628.3,39428,0.21304656589225932
DCA-LAX,AA,2958,195.12,628.3,39428,0.07502282641777418
DCA-LAX,DL,6601,183.08,628.3,39428,0.16741909303033378
DCA-LAX,UA,11230,184.89,628.3,39428,0.2848229684488181
DCA-LAX,WN,10239,143.74,628.3,39428,0.25968854621081466
DCA-LGA,B6,11452,181.59,1109.9,43524,0.2631191986030696
DCA-LGA,AA,18874,232.97,1109.9,43524,0.43364580461354657
DCA-LGA,DL,13198,272.71,1109.9,43524,0.3032349967833839
DCA-MCO,B6,4320,243.58,1518.8,29209,0.14789961998014312
DCA-MCO,NK,8430,115.88,1518.8,29209,0.28860967510014035
DCA-MCO,UA,11218,274.11,1518.8,29209,0.38405970762436237
DCA-MCO,WN,5241,234.89,1518.8,29209,0.17943099729535417
DCA-MIA,B6,3682,125.25,335.2,15223,0.24187085331406424
DCA-MIA,AA,5275,143.73,335.2,15223,0.34651514156210994
DCA-MIA,DL,2295,155.61,335.2,15223,0.150758720357354
DCA-MIA,UA,3971,172.87,335.2,15223,0.2608552847664718
DCA-MSY,DL,4776,375.32,2032.8,17088,0.2794943820224719
DCA-MSY,UA,4052,333.51,2032.8,17088,0.23712546816479402
DCA-MSY,WN,8260,224.1,2032.8,17088,0.4833801498127341
DCA-ORD,B6,26076,244.77,1913.8,44779,0.5823265369927868
DCA-ORD,AA,18703,333.55,1913.8,44779,0.4176734630072132
DCA-PBI,B6,1401,183.24,1211.4,11391,0.12299183565973136
DCA-PBI,AA,2322,179.0,1211.4,11391,0.2038451409007111
DCA-PBI,DL,1773,295.15,1211.4,11391,0.1556491967342639
DCA-PBI,UA,1541,266.17,1211.4,11391,0.1352822403652006
DCA-PBI,WN,1564,234.91,1211.4,11391,0.13730137828109912
DCA-PBI,F9,2790,115.51,1211.4,11391,0.24493020805899393
DCA-PHX,NK,911,174.72,2292.6,32728,0.02783549254461012
DCA-PHX,AA,10246,279.01,2292.6,32728,0.31306526521632855
DCA-PHX,DL,21571,367.95,2292.6,32728,0.6590992422390614
DCA-RDU,B6,7817,139.06,623.6,35548,0.21989985371891527
DCA-RDU,DL,7184,211.91,623.6,35548,0.20209294475075953
DCA-RDU,UA,20547,172.83,623.6,35548,0.5780072015303251
DCA-RSW,B6,679,129.33,473.5,8250,0.08230303030303031
DCA-RSW,NK,2221,72.11,473.5,8250,0.26921212121212124
DCA-RSW,UA,3662,157.97,473.5,8250,0.4438787878787879
DCA-RSW,WN,1688,134.15,473.5,8250,0.2046060606060606
DCA-SAT,AA,28670,143.57,540.9,42175,0.6797866034380557
DCA-SAT,WN,13505,138.34,540.9,42175,0.32021339656194425
DCA-SJU,B6,6990,184.78,1334.3,27186,0.25711763407636284
DCA-SJU,DL,20196,351.88,1334.3,27186,0.7428823659236372
DEN-DFW,AA,2027,201.19,816.8,4138,0.48985016916384727
DEN-DFW,DL,807,253.87,816.8,4138,0.19502174963750604
DEN-DFW,AS,1304,195.65,816.8,4138,0.3151280811986467
DEN-DTW,AA,12854,338.61,2099.1,29431,0.4367503652611192
DEN-DTW,UA,6163,310.96,2099.1,29431,0.20940504909788998
DEN-DTW,WN,10414,280.36,2099.1,29431,0.3538445856409908
DEN-EWR,DL,12257,227.08,760.4,57192,0.2143131906560358
DEN-EWR,UA,17709,182.86,760.4,57192,0.30964120856063787
DEN-EWR,WN,10775,227.83,760.4,57192,0.18840047559099174
DEN-EWR,AS,16451,180.53,760.4,57192,0.2876451251923346
DEN-FLL,NK,9524,169.99,2216.5,141334,0.06738647459210098
DEN-FLL,AA,98775,295.09,2216.5,141334,0.6988764203942435
DEN-FLL,WN,33035,294.31,2216.5,141334,0.2337371050136556
DEN-IAH,DL,49925,265.75,899.2,76084,0.656182640239735
DEN-IAH,UA,26159,202.61,899.2,76084,0.34381735976026495
DEN-IND,B6,126756,185.02,1227.6,205339,0.6173011459099343
DEN-IND,AA,48820,253.63,1227.6,205339,0.23775317888954364
DEN-IND,DL,29763,287.29,1227.6,205339,0.14494567520052207
DEN-LAS,B6,3696,140.29,488.6,11473,0.3221476510067114
DEN-LAS,AA,4301,191.36,488.6,11473,0.37488015340364333
DEN-LAS,DL,3476,206.87,488.6,11473,0.3029721955896453
DEN-LAX,DL,12774,195.66,463.6,30020,0.42551632245169885
DEN-LAX,UA,14546,146.88,463.6,30020,0.48454363757495006
DEN-LAX,F9,2700,88.17,463.6,30020,0.0899400399733511
DEN-LGA,DL,1161,334.33,2119.7,1733,0.6699365262550491
DEN-LGA,AS,572,391.81,2119.7,1733,0.33006347374495093
DEN-MSP,AA,5275,164.03,453.3,12664,0.41653506001263424
DEN-MSP,DL,6018,207.77,453.3,12664,0.47520530638029057
DEN-MSP,F9,1371,88.87,453.3,12664,0.10825963360707518
DEN-ORD,DL,9329,263.77,1988.6,38488,0.2423872375805446
DEN-ORD,UA,2616,383.03,1988.6,38488,0.0679692371648306
DEN-ORD,WN,26543,182.74,1988.6,38488,0.6896435252546248
DEN-PBI,AA,4743,186.38,582.3,8041,0.5898520084566596
DEN-PBI,DL,3298,200.92,582.3,8041,0.41014799154334036
DEN-PHL,UA,1286,416.2,1955.8,5363,0.23979116166324818
DEN-PHL,F9,4077,114.92,1955.8,5363,0.7602088383367518
DEN-PHX,DL,1905,285.66,1879.5,6956,0.2738642898217366
DEN-PHX,WN,5051,298.3,1879.5,6956,0.7261357101782634
DEN-PIT,AA,965,278.53,2209.5,15967,0.06043715162522703
DEN-PIT,DL,8022,365.18,2209.5,15967,0.5024112231477422
DEN-PIT,UA,3045,368.98,2209.5,15967,0.19070583077597544
DEN-PIT,WN,3935,229.92,2209.5,15967,0.2464457944510553
DEN-RDU,B6,1749,208.41,1227.5,3586,0.48773006134969327
DEN-RDU,DL,774,265.4,1227.5,3586,0.2158393753485778
DEN-RDU,WN,1063,170.62,1227.5,3586,0.29643056330172896
DEN-SEA,AA,12204,257.39,1176.5,81815,0.14916580089225692
DEN-SEA,WN,69611,162.47,1176.5,81815,0.850834199107743
DEN-SFO,AA,9902,428.83,2487.7,27834,0.35575195803693327
DEN-SFO,UA,14802,447.16,2487.7,27834,0.5317956456132787
DEN-SFO,WN,3130,295.33,2487.7,27834,0.11245239634978803
DFW-EWR,B6,18688,192.2,920.4,32841,0.5690447915715112
DFW-EWR,NK,4294,94.88,920.4,32841,0.13075119515240097
DFW-EWR,DL,9859,271.64,920.4,32841,0.3002040132760878
DFW-FLL,NK,12753,89.2,420.1,22095,0.5771894093686354
DFW-FLL,AA,4822,136.05,420.1,22095,0.21823942068341254
DFW-FLL,WN,4520,133.23,420.1,22095,0.20457116994795202
DFW-IND,B6,5282,248.95,2426.6,9239,0.571706894685572
DFW-IND,AA,1825,392.06,2426.6,9239,0.19753220045459466
DFW-IND,WN,2132,288.1,2426.6,9239,0.2307609048598333
DFW-LAX,NK,8830,88.72,628.7,59361,0.14875086336146628
DFW-LAX,AA,23686,187.05,628.7,59361,0.3990161890803726
DFW-LAX,DL,9875,218.0,628.7,59361,0.1663550142349354
DFW-LAX,UA,10801,164.8,628.7,59361,0.18195448189888985
DFW-LAX,F9,6169,82.39,628.7,59361,0.10392345142433584
DFW-LGA,B6,4665,142.86,1024.6,61469,0.07589191299679514
DFW-LGA,NK,15117,93.9,1024.6,61469,0.24592884218061137
DFW-LGA,UA,41687,250.14,1024.6,61469,0.6781792448225935
DFW-MCO,NK,16393,213.1,2556.7,35236,0.4652344193438529
DFW-MCO,AA,6298,378.12,2556.7,35236,0.17873765467135883
DFW-MCO,DL,6804,403.98,2556.7,35236,0.19309796798728573
DFW-MCO,UA,5741,493.98,2556.7,35236,0.16292995799750257
DFW-MKE,B6,8458,228.19,2407.9,26074,0.32438444427398944
DFW-MKE,AA,2023,302.24,2407.9,26074,0.07758686814451178
DFW-MKE,UA,11088,366.85,2407.9,26074,0.42525120810002304
DFW-MKE,WN,4505,273.94,2407.9,26074,0.1727774794814758
DFW-MSP,NK,3977,123.95,1341.9,24839,0.1601111155843633
DFW-MSP,DL,5427,212.03,1341.9,24839,0.21848705664479245
DFW-MSP,UA,15435,260.14,1341.9,24839,0.6214018277708442
DFW-MSY,AA,11198,206.75,973.4,55117,0.20316780666582
DFW-MSY,DL,9858,251.05,973.4,55117,0.17885588838289457
DFW-MSY,UA,24403,235.14,973.4,55117,0.4427490610882305
DFW-MSY,WN,9658,187.02,973.4,55117,0.17522724386305497
DFW-ORD,NK,6316,98.0,525.0,14470,0.4364892881824464
DFW-ORD,AA,5081,205.88,525.0,14470,0.3511402902557014
DFW-ORD,DL,1385,156.62,525.0,14470,0.09571527297857636
DFW-ORD,F9,1688,96.72,525.0,14470,0.11665514858327575
DFW-PBI,B6,3600,247.17,2050.2,13332,0.27002700270027
DFW-PBI,DL,4106,372.07,2050.2,13332,0.307980798079808
DFW-PBI,UA,1708,345.58,2050.2,13332,0.12811281128112811
DFW-PBI,WN,3918,316.35,2050.2,13332,0.29387938793879387
DFW-PHL,NK,10465,170.4,2207.4,46900,0.22313432835820896
DFW-PHL,AA,27499,345.29,2207.4,46900,0.5863326226012793
DFW-PHL,WN,8936,232.01,2207.4,46900,0.19053304904051171
DFW-RDU,DL,8013,391.45,2282.3,107653,0.07443359683427309
DFW-RDU,UA,11416,295.63,2282.3,107653,0.10604442049919649
DFW-RDU,WN,32542,224.5,2282.3,107653,0.3022860486934874
DFW-RDU,F9,55682,158.01,2282.3,107653,0.517235933973043
DFW-RSW,AA,2208,325.33,2194.2,8206,0.269071411162564
DFW-RSW,UA,2022,310.94,2194.2,8206,0.24640506946136972
DFW-RSW,WN,3976,278.78,2194.2,8206,0.4845235193760663
DFW-SAN,B6,4646,233.78,1984.0,32391,0.14343490475749437
DFW-SAN,AA,7394,305.84,1984.0,32391,0.22827328578926245
DFW-SAN,DL,6428,258.56,1984.0,32391,0.19845018678027848
DFW-SAN,F9,13923,175.04,1984.0,32391,0.4298416226729647
DFW-SAT,NK,8736,122.9,1798.8,14903,0.5861906998590888
DFW-SAT,DL,1317,447.13,1798.8,14903,0.08837146883177883
DFW-SAT,UA,817,379.85,1798.8,14903,0.054821176944239415
DFW-SAT,AS,4033,259.6,1798.8,14903,0.27061665436489296
DFW-SEA,AA,10721,217.41,599.1,90851,0.11800640609349375
DFW-SEA,DL,16284,233.55,599.1,90851,0.1792385334228572
DFW-SEA,UA,32717,187.0,599.1,90851,0.3601171148363804
DFW-SEA,WN,31129,147.96,599.1,90851,0.3426379456472686
DFW-SFO,AA,613,430.02,2177.1,6856,0.08941073512252042
DFW-SFO,DL,2086,381.89,2177.1,6856,0.3042590431738623
DFW-SFO,UA,2060,398.44,2177.1,6856,0.30046674445740956
DFW-SFO,WN,2097,333.29,2177.1,6856,0.3058634772462077
DFW-STL,AA,7552,352.09,2040.8,26817,0.2816124100384085
DFW-STL,WN,19265,258.27,2040.8,26817,0.7183875899615916
DFW-TPA,B6,8851,101.02,377.7,44590,0.19849742094640055
DFW-TPA,NK,21529,79.86,377.7,44590,0.4828212603722808
DFW-TPA,WN,14210,157.9,377.7,44590,0.31868131868131866
DTW-EWR,B6,2585,299.57,2352.3,13978,0.18493346687652024
DTW-EWR,NK,4758,163.8,2352.3,13978,0.3403920446415796
DTW-EWR,AA,5401,282.76,2352.3,13978,0.3863929031334955
DTW-EWR,WN,1234,226.57,2352.3,13978,0.08828158534840463
DTW-FLL,NK,6227,179.38,2507.4,13891,0.4482758620689655
DTW-FLL,AA,3638,384.28,2507.4,13891,0.2618961917788496
DTW-FLL,WN,4026,276.05,2507.4,13891,0.2898279461521849
DTW-LAS,NK,134907,218.33,2561.7,267829,0.503705722681263
DTW-LAS,UA,45519,467.69,2561.7,267829,0.16995545665331238
DTW-LAS,WN,87403,349.7,2561.7,267829,0.3263388206654246
DTW-LAX,NK,15245,113.35,1486.5,72446,0.2104325980730475
DTW-LAX,DL,31672,318.81,1486.5,72446,0.4371807967313585
DTW-LAX,WN,25529,221.74,1486.5,72446,0.35238660519559395
DTW-MCO,NK,7034,149.88,1897.3,30671,0.22933715887972353
DTW-MCO,AA,6289,322.02,1897.3,30671,0.20504711290795866
DTW-MCO,WN,17348,289.96,1897.3,30671,0.5656157282123179
DTW-MIA,NK,37478,172.73,2410.2,137959,0.27166042084967273
DTW-MIA,AA,29824,337.76,2410.2,137959,0.21618016947063984
DTW-MIA,UA,50611,389.87,2410.2,137959,0.36685537007371755
DTW-MIA,F9,20046,160.75,2410.2,137959,0.14530403960596988
DTW-MSY,B6,7461,287.75,2346.1,25335,0.29449378330373
DTW-MSY,AA,5331,363.13,2346.1,25335,0.21042036708111309
DTW-MSY,DL,9333,280.43,2346.1,25335,0.36838365896980463
DTW-MSY,WN,3210,270.76,2346.1,25335,0.1267021906453523
DTW-PBI,DL,13761,127.24,357.9,27201,0.5059005183632954
DTW-PBI,WN,13440,129.07,357.9,27201,0.49409948163670453
DTW-PHL,AA,14122,269.66,963.4,52166,0.27071272476325575
DTW-PHL,DL,18284,217.97,963.4,52166,0.35049649196794846
DTW-PHL,UA,3980,222.73,963.4,52166,0.07629490472721696
DTW-PHL,WN,9534,172.2,963.4,52166,0.18276271901238356
DTW-PHL,F9,6246,110.77,963.4,52166,0.11973315952919526
DTW-RDU,NK,6324,140.21,1962.8,22387,0.2824853709742261
DTW-RDU,AA,5363,303.52,1962.8,22387,0.239558672443829
DTW-RDU,DL,4723,351.54,1962.8,22387,0.21097065261089024
DTW-RDU,AS,5977,262.88,1962.8,22387,0.26698530397105463
DTW-SAN,AA,4177,201.39,496.5,35920,0.11628619153674832
DTW-SAN,DL,11449,209.22,496.5,35920,0.31873608017817373
DTW-SAN,UA,10034,171.64,496.5,35920,0.27934298440979954
DTW-SAN,WN,10260,175.77,496.5,35920,0.2856347438752784
DTW-SAT,AA,10333,206.84,969.5,21651,0.47725278278139577
DTW-SAT,UA,3791,212.89,969.5,21651,0.17509583852939817
DTW-SAT,WN,7527,214.16,969.5,21651,0.34765137868920604
DTW-SEA,AA,47488,298.29,1708.3,105397,0.4505631090068977
DTW-SEA,UA,18392,306.38,1708.3,105397,0.17450212055371594
DTW-SEA,WN,39517,256.57,1708.3,105397,0.37493477043938633
DTW-SFO,AA,6879,325.73,2112.9,15412,0.4463405138852842
DTW-SFO,WN,8533,181.38,2112.9,15412,0.5536594861147158
DTW-SJU,NK,16355,212.04,2594.5,34793,0.4700658178369212
DTW-SJU,AA,12375,426.29,2594.5,34793,0.3556749920961113
DTW-SJU,UA,6063,313.05,2594.5,34793,0.1742591900669675
DTW-STL,AA,3362,355.35,2179.1,16335,0.20581573308846035
DTW-STL,F9,12973,164.63,2179.1,16335,0.7941842669115396
DTW-TPA,NK,5015,142.89,1748.8,31128,0.1611089694166024
DTW-TPA,AA,6143,295.05,1748.8,31128,0.19734644050372654
DTW-TPA,DL,6895,272.35,1748.8,31128,0.2215047545618093
DTW-TPA,WN,13075,219.12,1748.8,31128,0.4200398355178617
EWR-FLL,NK,3950,116.17,1648.6,32690,0.12083205873355767
EWR-FLL,AA,3280,288.1,1648.6,32690,0.100336494340777
EWR-FLL,DL,19956,303.89,1648.6,32690,0.610461914958703
EWR-FLL,UA,5504,298.27,1648.6,32690,0.16836953196696236
EWR-IND,B6,1638,218.74,2100.1,36286,0.045141376839552445
EWR-IND,AA,5773,380.55,2100.1,36286,0.15909717246320895
EWR-IND,DL,10340,388.36,2100.1,36286,0.28495838615443975
EWR-IND,UA,18535,403.19,2100.1,36286,0.5108030645427989
EWR-JFK,AA,7991,196.03,852.5,31240,0.25579385403329064
EWR-JFK,DL,8833,199.34,852.5,31240,0.28274647887323945
EWR-JFK,UA,10651,241.17,852.5,31240,0.34094110115236875
EWR-JFK,WN,3765,198.24,852.5,31240,0.12051856594110115
EWR-LAS,NK,36992,182.78,2193.8,78225,0.4728922978587408
EWR-LAS,AA,29338,268.95,2193.8,78225,0.37504634068392456
EWR-LAS,DL,11895,417.34,2193.8,78225,0.15206136145733462
EWR-LAX,B6,10158,247.45,2058.3,26202,0.38768032974582095
EWR-LAX,NK,3519,155.85,2058.3,26202,0.13430272498282575
EWR-LAX,AA,6528,411.11,2058.3,26202,0.24914128692466225
EWR-LAX,DL,3245,391.38,2058.3,26202,0.12384550797649034
EWR-LAX,AS,2752,325.88,2058.3,26202,0.10503015037020075
EWR-LGA,AA,7403,229.94,1768.8,34901,0.21211426606687486
EWR-LGA,DL,11913,309.43,1768.8,34901,0.34133692444342567
EWR-LGA,WN,15585,268.72,1768.8,34901,0.44654880948969944
EWR-MCO,AA,750,327.98,1741.8,4446,0.16869095816464239
EWR-MCO,DL,860,333.77,1741.8,4446,0.19343229869545658
EWR-MCO,UA,561,317.98,1741.8,4446,0.1261808367071525
EWR-MCO,F9,2275,150.06,1741.8,4446,0.5116959064327485
EWR-MIA,AA,9480,199.46,400.6,20768,0.4564714946070878
EWR-MIA,UA,11288,162.86,400.6,20768,0.5435285053929122
EWR-MKE,AA,9090,353.74,2176.3,91123,0.09975527583595799
EWR-MKE,DL,82033,395.29,2176.3,91123,0.900244724164042
EWR-MSP,B6,7143,248.7,1851.3,23636,0.30220849551531564
EWR-MSP,AA,1910,219.94,1851.3,23636,0.08080893552208496
EWR-MSP,DL,2612,259.74,1851.3,23636,0.11050939245219157
EWR-MSP,WN,8832,220.13,1851.3,23636,0.3736672871890337
EWR-MSP,AS,3139,272.56,1851.3,23636,0.1328058893213742
EWR-PHL,NK,23449,126.34,2166.0,58351,0.4018611506229542
EWR-PHL,UA,34902,311.66,2166.0,58351,0.5981388493770458
EWR-PIT,AA,115502,219.79,765.4,156411,0.7384518991631024
EWR-PIT,DL,40909,168.21,765.4,156411,0.26154810083689767
EWR-RSW,AA,10076,387.76,1474.0,40565,0.24839147047947738
EWR-RSW,DL,16145,245.45,1474.0,40565,0.3980032047331443
EWR-RSW,UA,6811,266.29,1474.0,40565,0.16790336496980154
EWR-RSW,WN,7533,221.66,1474.0,40565,0.18570195981757673
EWR-SAT,AA,12497,172.03,782.8,17765,0.7034618632141852
EWR-SAT,F9,5268,101.9,782.8,17765,0.2965381367858148
EWR-SEA,NK,21956,159.35,1663.2,32700,0.6714373088685015
EWR-SEA,AA,1532,373.03,1663.2,32700,0.046850152905198776
EWR-SEA,UA,9212,245.76,1663.2,32700,0.2817125382262997
EWR-SJU,B6,7595,279.77,1527.3,29520,0.25728319783197834
EWR-SJU,AA,7497,266.55,1527.3,29520,0.25396341463414634
EWR-SJU,UA,8281,356.73,1527.3,29520,0.2805216802168022
EWR-SJU,WN,6147,224.96,1527.3,29520,0.20823170731707316
FLL-IAH,NK,12831,147.39,1859.5,33469,0.38336968538050137
FLL-IAH,DL,20638,293.5,1859.5,33469,0.6166303146194987
FLL-JFK,B6,9139,212.7,1322.6,18792,0.4863239676458067
FLL-JFK,AA,1962,296.96,1322.6,18792,0.10440613026819924
FLL-JFK,WN,7691,176.51,1322.6,18792,0.40926990208599406
FLL-LAS,B6,5377,210.54,2054.1,36854,0.14590003798773538
FLL-LAS,NK,5893,140.93,2054.1,36854,0.15990123188799044
FLL-LAS,AA,7037,305.29,2054.1,36854,0.1909426385195637
FLL-LAS,DL,3207,318.35,2054.1,36854,0.08701904813588755
FLL-LAS,WN,2550,240.33,2054.1,36854,0.06919194660009768
FLL-LAS,F9,4536,133.67,2054.1,36854,0.12308026265805612
FLL-LAS,AS,8254,304.33,2054.1,36854,0.22396483421066912
FLL-MCO,B6,968,162.31,1142.6,39256,0.02465865090686774
FLL-MCO,NK,7705,80.09,1142.6,39256,0.19627572855104952
FLL-MCO,AA,25306,213.96,1142.6,39256,0.6446403097615651
FLL-MCO,WN,5277,194.48,1142.6,39256,0.13442531078051762
FLL-MSP,B6,2198,238.24,2199.5,13796,0.15932154247608002
FLL-MSP,NK,8555,150.92,2199.5,13796,0.6201072774717309
FLL-MSP,DL,3043,365.42,2199.5,13796,0.22057118005218904
FLL-MSY,AA,22086,176.21,1124.1,69798,0.31642740479669906
FLL-MSY,DL,19976,245.07,1124.1,69798,0.2861973122439038
FLL-MSY,WN,14270,204.4,1124.1,69798,0.20444711882861974
FLL-MSY,F9,13466,94.19,1124.1,69798,0.19292816413077737
FLL-ORD,B6,4174,198.12,1361.2,34079,0.12248011972182282
FLL-ORD,NK,7150,95.02,1361.2,34079,0.20980662578127293
FLL-ORD,AA,6814,276.54,1361.2,34079,0.19994718154875438
FLL-ORD,DL,1550,297.94,1361.2,34079,0.04548255523929693
FLL-ORD,UA,3447,256.44,1361.2,34079,0.1011473341353913
FLL-ORD,WN,3783,224.45,1361.2,34079,0.11100677836790986
FLL-ORD,F9,7161,144.11,1361.2,34079,0.21012940520555182
FLL-PBI,B6,1128,134.52,669.1,29095,0.038769548032307956
FLL-PBI,NK,4622,86.26,669.1,29095,0.15885891046571576
FLL-PBI,DL,9642,217.31,669.1,29095,0.3313971472761643
FLL-PBI,UA,12851,168.49,669.1,29095,0.44169101220140916
FLL-PBI,WN,852,180.3,669.1,29095,0.029283382024402817
FLL-PHL,NK,1885,99.37,1032.1,18940,0.09952481520591341
FLL-PHL,AA,3030,233.73,1032.1,18940,0.15997888067581836
FLL-PHL,DL,1710,258.09,1032.1,18940,0.09028511087645195
FLL-PHL,UA,7264,282.53,1032.1,18940,0.3835269271383316
FLL-PHL,WN,5051,174.36,1032.1,18940,0.26668426610348467
FLL-PHX,DL,9126,314.82,1700.1,12543,0.7275771346567806
FLL-PHX,AS,3417,310.0,1700.1,12543,0.2724228653432193
FLL-RDU,B6,12500,146.54,343.2,22849,0.5470698936496127
FLL-RDU,NK,6445,68.3,343.2,22849,0.2820692371657403
FLL-RDU,DL,2708,185.71,343.2,22849,0.11851722176025209
FLL-RDU,WN,1196,143.36,343.2,22849,0.05234364742439494
FLL-RSW,B6,2069,181.13,765.7,15604,0.1325942066136888
FLL-RSW,AA,5523,270.69,765.7,15604,0.35394770571648293
FLL-RSW,UA,8012,214.85,765.7,15604,0.5134580876698283
FLL-SEA,AA,7664,165.37,818.0,14720,0.5206521739130435
FLL-SEA,WN,7056,133.95,818.0,14720,0.47934782608695653
FLL-SFO,B6,2365,222.72,2005.4,33177,0.07128432347710764
FLL-SFO,AA,12720,303.5,2005.4,33177,0.3833981372637671
FLL-SFO,DL,8659,351.09,2005.4,33177,0.2609940621514905
FLL-SFO,UA,9433,352.6,2005.4,33177,0.2843234771076348
FLL-SJU,AA,13866,192.31,404.7,18510,0.7491085899513776
FLL-SJU,DL,4644,158.86,404.7,18510,0.25089141004862237
FLL-STL,AA,674,209.54,816.2,25936,0.025987045033929672
FLL-STL,DL,9974,231.54,816.2,25936,0.3845619987661937
FLL-STL,UA,10986,228.93,816.2,25936,0.4235811227637261
FLL-STL,WN,4302,167.21,816.2,25936,0.16586983343615053
IAH-IND,B6,3218,237.6,1642.7,22291,0.1443631959086627
IAH-IND,NK,3512,112.37,1642.7,22291,0.15755237539814274
IAH-IND,AA,7478,261.5,1642.7,22291,0.3354717150419452
IAH-IND,UA,2100,336.9,1642.7,22291,0.09420842492485756
IAH-IND,WN,5983,246.33,1642.7,22291,0.2684042887263918
IAH-LAX,NK,4156,87.26,647.4,17788,0.2336406566224421
IAH-LAX,AA,2067,223.54,647.4,17788,0.11620193388801439
IAH-LAX,DL,4979,259.54,647.4,17788,0.2799078030132674
IAH-LAX,UA,3413,142.97,647.4,17788,0.19187092421857432
IAH-LAX,WN,3173,148.45,647.4,17788,0.17837868225770181
IAH-MCO,NK,19020,214.08,2578.0,99066,0.19199321664344982
IAH-MCO,AA,30351,381.89,2578.0,99066,0.30637150990248924
IAH-MCO,DL,18621,481.79,2578.0,99066,0.18796559869178123
IAH-MCO,AS,31074,320.86,2578.0,99066,0.3136696747622797
IAH-MIA,B6,5570,218.76,1406.8,49333,0.11290616828492084
IAH-MIA,AA,2172,241.83,1406.8,49333,0.04402732450894938
IAH-MIA,DL,9310,307.35,1406.8,49333,0.1887174913344009
IAH-MIA,UA,20889,323.15,1406.8,49333,0.4234285366793019
IAH-MIA,F9,11392,105.0,1406.8,49333,0.23092047919242698
IAH-MSY,AA,11178,325.16,1636.8,39916,0.2800380799679327
IAH-MSY,DL,13009,346.2,1636.8,39916,0.32590940976049704
IAH-MSY,UA,9885,360.3,1636.8,39916,0.24764505461469086
IAH-MSY,WN,5844,224.88,1636.8,39916,0.14640745565687946
IAH-PBI,NK,19547,59.85,329.4,39264,0.49783516707416464
IAH-PBI,AA,4773,151.63,329.4,39264,0.12156173594132029
IAH-PBI,DL,14944,198.65,329.4,39264,0.38060309698451505
IAH-PHL,NK,7203,153.64,1838.0,16439,0.4381653385242411
IAH-PHL,AA,3490,335.58,1838.0,16439,0.21230001824928524
IAH-PHL,F9,5746,145.19,1838.0,16439,0.34953464322647365
IAH-PHX,WN,8979,261.06,2104.8,24400,0.3679918032786885
IAH-PHX,F9,15421,154.26,2104.8,24400,0.6320081967213115
IAH-PIT,AA,2003,282.86,1164.1,8978,0.2231009133437291
IAH-PIT,DL,2833,271.94,1164.1,8978,0.3155491200712854
IAH-PIT,UA,1281,256.19,1164.1,8978,0.14268211182891513
IAH-PIT,AS,2861,266.72,1164.1,8978,0.3186678547560704
IAH-RDU,AA,32108,361.09,1996.6,216805,0.1480962154931851
IAH-RDU,DL,72401,346.09,1996.6,216805,0.3339452503401674
IAH-RDU,UA,62835,332.93,1996.6,216805,0.28982265169161225
IAH-RDU,WN,49461,314.76,1996.6,216805,0.22813588247503516
IAH-RSW,DL,22826,360.72,2340.8,42223,0.5406058309452194
IAH-RSW,UA,1128,293.79,2340.8,42223,0.02671529734978566
IAH-RSW,WN,18269,315.8,2340.8,42223,0.4326788717049949
IAH-SAN,DL,3744,212.16,636.4,17687,0.21168089557301972
IAH-SAN,UA,13943,188.53,636.4,17687,0.7883191044269803
IAH-SEA,AA,1024,376.16,2432.3,23278,0.043990033508033335
IAH-SEA,DL,21106,337.66,2432.3,23278,0.9066930148638199
IAH-SEA,WN,1148,356.6,2432.3,23278,0.04931695162814675
IAH-SFO,AA,11925,226.67,920.6,16244,0.7341172125092342
IAH-SFO,UA,4319,209.69,920.6,16244,0.2658827874907658
IAH-SJU,B6,6979,248.52,2311.5,21075,0.3311506524317912
IAH-SJU,DL,7452,354.43,2311.5,21075,0.35359430604982206
IAH-SJU,UA,6644,486.35,2311.5,21075,0.31525504151838674
IAH-STL,B6,2577,211.68,1423.3,12602,0.20449135057927312
IAH-STL,AA,2227,234.57,1423.3,12602,0.17671798127281385
IAH-STL,DL,1856,331.47,1423.3,12602,0.147278209807967
IAH-STL,UA,1873,283.62,1423.3,12602,0.14862720203142357
IAH-STL,F9,4069,117.96,1423.3,12602,0.32288525630852244
IND-JFK,NK,5136,153.1,2387.1,30960,0.16589147286821707
IND-JFK,AA,4318,338.6,2387.1,30960,0.1394702842377261
IND-JFK,WN,21506,289.05,2387.1,30960,0.6946382428940568
IND-LAS,NK,1420,126.63,1990.8,20007,0.07097515869445695
IND-LAS,AA,12438,279.89,1990.8,20007,0.6216824111560953
IND-LAS,DL,6149,316.11,1990.8,20007,0.3073424301494477
IND-LGA,DL,3386,333.07,1559.1,9935,0.3408152994464016
IND-LGA,F9,4156,161.23,1559.1,9935,0.4183190739808757
IND-LGA,AS,2393,304.59,1559.1,9935,0.2408656265727227
IND-MCO,AA,18712,243.1,861.3,31031,0.603009893332474
IND-MCO,UA,12319,241.4,861.3,31031,0.39699010666752604
IND-MIA,WN,4589,189.27,1489.0,13568,0.33822228773584906
IND-MIA,F9,8979,130.2,1489.0,13568,0.6617777122641509
IND-MSP,DL,10020,365.07,2069.8,24359,0.4113469354242785
IND-MSP,UA,11861,371.89,2069.8,24359,0.4869247506055257
IND-MSP,WN,2478,233.63,2069.8,24359,0.10172831397019583
IND-MSY,AA,3580,376.78,2261.6,24172,0.14810524573887143
IND-MSY,DL,10973,357.9,2261.6,24172,0.4539549892437531
IND-MSY,UA,4618,414.46,2261.6,24172,0.19104749296706933
IND-MSY,WN,5001,254.25,2261.6,24172,0.20689227205030614
IND-PIT,AA,2134,330.28,2278.7,9160,0.23296943231441047
IND-PIT,DL,3402,511.64,2278.7,9160,0.37139737991266375
IND-PIT,WN,1372,311.27,2278.7,9160,0.1497816593886463
IND-PIT,AS,2252,391.17,2278.7,9160,0.24585152838427948
IND-SAN,DL,42881,344.39,2057.0,86729,0.49442516344014115
IND-SAN,WN,43848,286.01,2057.0,86729,0.5055748365598589
IND-SEA,AA,8983,178.18,492.2,11946,0.7519671856688431
IND-SEA,DL,609,180.85,492.2,11946,0.050979407332998494
IND-SEA,WN,2354,123.07,492.2,11946,0.19705340699815838
IND-SFO,AA,46554,227.9,1646.9,75580,0.6159566022757343
IND-SFO,UA,24072,312.3,1646.9,75580,0.318496956866896
IND-SFO,F9,4954,106.53,1646.9,75580,0.06554644085736967
IND-SJU,AA,48196,386.38,2597.1,89920,0.5359875444839858
IND-SJU,UA,41724,435.57,2597.1,89920,0.4640124555160142
IND-STL,NK,26035,98.23,618.8,67678,0.38468926386713553
IND-STL,AA,8268,209.31,618.8,67678,0.12216673069535151
IND-STL,DL,9877,230.15,618.8,67678,0.14594107390880345
IND-STL,UA,7664,153.55,618.8,67678,0.11324211708383818
IND-STL,WN,15834,121.97,618.8,67678,0.2339608144448713
IND-TPA,AA,2311,322.93,2566.8,9820,0.23533604887983706
IND-TPA,DL,682,400.66,2566.8,9820,0.0694501018329939
IND-TPA,UA,4064,417.88,2566.8,9820,0.4138492871690428
IND-TPA,WN,2763,316.48,2566.8,9820,0.28136456211812627
JFK-LGA,B6,1156,246.91,2000.6,12506,0.09243563089716936
JFK-LGA,WN,11350,261.76,2000.6,12506,0.9075643691028307
JFK-MCO,B6,15571,222.45,1606.2,56599,0.2751108676831746
JFK-MCO,NK,27402,139.83,1606.2,56599,0.4841428293786109
JFK-MCO,DL,13626,288.88,1606.2,56599,0.24074630293821445
JFK-MKE,AA,4812,154.63,565.5,17591,0.2735489739071116
JFK-MKE,WN,12779,159.78,565.5,17591,0.7264510260928884
JFK-MSP,DL,14241,364.82,2260.3,29115,0.4891293147861927
JFK-MSP,UA,2407,339.89,2260.3,29115,0.08267216211574789
JFK-MSP,WN,12467,319.83,2260.3,29115,0.42819852309805945
JFK-PBI,B6,8340,298.21,2331.5,31584,0.2640577507598784
JFK-PBI,DL,12982,353.19,2331.5,31584,0.4110309017223911
JFK-PBI,UA,1945,403.88,2331.5,31584,0.06158181357649443
JFK-PBI,WN,8317,252.54,2331.5,31584,0.2633295339412361
JFK-PHL,AA,2077,253.58,831.8,8747,0.23745284097404826
JFK-PHL,UA,1436,192.17,831.8,8747,0.1641705727678061
JFK-PHL,WN,3960,199.29,831.8,8747,0.4527266491368469
JFK-PHL,F9,1274,87.57,831.8,8747,0.14564993712129873
JFK-PHX,AA,2334,336.64,2177.9,28153,0.08290413099847263
JFK-PHX,DL,960,358.18,2177.9,28153,0.03409938550065712
JFK-PHX,UA,8310,428.3,2177.9,28153,0.2951728057400632
JFK-PHX,WN,16549,233.84,2177.9,28153,0.587823677760807
JFK-RSW,B6,891,128.28,518.9,18001,0.04949725015276929
JFK-RSW,DL,4475,156.18,518.9,18001,0.24859730014999168
JFK-RSW,WN,12635,171.81,518.9,18001,0.701905449697239
JFK-SAT,DL,6624,303.1,1795.3,11211,0.5908482740165909
JFK-SAT,F9,4587,147.78,1795.3,11211,0.40915172598340915
JFK-SEA,DL,5753,234.86,775.7,16505,0.34856104210845196
JFK-SEA,WN,10752,172.62,775.7,16505,0.651438957891548
JFK-SJU,B6,27167,195.08,1578.0,77147,0.35214590327556483
JFK-SJU,AA,6376,300.92,1578.0,77147,0.08264741337965183
JFK-SJU,DL,11907,301.8,1578.0,77147,0.15434171127846838
JFK-SJU,UA,31697,283.42,1578.0,77147,0.41086497206631495
LAS-LGA,B6,5182,139.1,741.1,20844,0.24860871233928228
LAS-LGA,AA,9582,188.73,741.1,20844,0.4597006332757628
LAS-LGA,DL,6080,229.25,741.1,20844,0.2916906543849549
LAS-MIA,NK,9487,201.66,2375.5,31979,0.29666343537946777
LAS-MIA,DL,7796,348.52,2375.5,31979,0.24378498389568154
LAS-MIA,UA,14696,430.57,2375.5,31979,0.4595515807248507
LAS-MKE,AA,2410,180.97,493.1,10292,0.23416245627671978
LAS-MKE,UA,3083,206.53,493.1,10292,0.29955305091333073
LAS-MKE,WN,2687,153.54,493.1,10292,0.2610765643218033
LAS-MKE,AS,2112,173.68,493.1,10292,0.20520792848814615
LAS-MSY,DL,24586,365.41,2024.1,34693,0.7086732193814315
LAS-MSY,WN,10107,293.93,2024.1,34693,0.2913267806185686
LAS-ORD,B6,8877,227.23,2082.3,30814,0.2880833387421302
LAS-ORD,NK,8475,190.17,2082.3,30814,0.2750373206983838
LAS-ORD,AA,4555,343.91,2082.3,30814,0.14782241838125526
LAS-ORD,DL,8907,320.37,2082.3,30814,0.2890569221782307
LAS-PHL,AA,7890,389.69,2453.4,12545,0.6289358310083699
LAS-PHL,AS,4655,281.49,2453.4,12545,0.37106416899163014
LAS-PIT,B6,5059,174.04,1041.3,14262,0.35471883326321696
LAS-PIT,AA,5058,222.76,1041.3,14262,0.3546487168700042
LAS-PIT,UA,4145,275.17,1041.3,14262,0.29063244986677883
LAS-RDU,UA,104445,340.69,2118.2,167498,0.6235596842947378
LAS-RDU,WN,21952,218.35,2118.2,167498,0.13105828129291097
LAS-RDU,F9,34279,145.67,2118.2,167498,0.2046531898888345
LAS-RDU,AS,6822,309.25,2118.2,167498,0.040728844523516695
LAS-RSW,AA,5451,312.15,2021.8,8674,0.6284297901775421
LAS-RSW,WN,3223,316.8,2021.8,8674,0.3715702098224579
LAS-SEA,DL,3407,387.48,1935.4,21014,0.1621300085657181
LAS-SEA,UA,1449,368.15,1935.4,21014,0.06895403064623584
LAS-SEA,WN,11114,260.11,1935.4,21014,0.5288855049014942
LAS-SEA,F9,5044,124.89,1935.4,21014,0.24003045588655184
LAS-SJU,AA,2880,175.67,573.0,9434,0.30527877888488447
LAS-SJU,DL,1171,203.38,573.0,9434,0.12412550349798601
LAS-SJU,UA,2670,187.18,573.0,9434,0.2830188679245283
LAS-SJU,WN,2713,148.97,573.0,9434,0.2875768496926012
LAX-MCO,B6,2049,159.65,811.5,12527,0.16356669593677656
LAX-MCO,NK,6418,85.45,811.5,12527,0.5123333599425242
LAX-MCO,AA,3400,220.35,811.5,12527,0.27141374630797477
LAX-MCO,WN,660,152.45,811.5,12527,0.05268619781272452
LAX-MIA,AA,6029,344.56,2075.7,44689,0.13491015686186758
LAX-MIA,DL,31727,324.2,2075.7,44689,0.7099509946519278
LAX-MIA,WN,6933,264.89,2075.7,44689,0.15513884848620466
LAX-MKE,AA,11176,224.37,771.8,31699,0.35256632701347046
LAX-MKE,DL,4857,247.46,771.8,31699,0.15322249913246475
LAX-MKE,UA,15666,194.52,771.8,31699,0.4942111738540648
LAX-MSP,B6,21256,233.61,1730.0,72458,0.2933561511496315
LAX-MSP,NK,12942,140.34,1730.0,72458,0.17861381765988574
LAX-MSP,UA,38260,307.68,1730.0,72458,0.5280300311904828
LAX-MSY,AA,3339,268.53,1267.6,17358,0.1923608710680954
LAX-MSY,DL,9374,272.93,1267.6,17358,0.5400391750201636
LAX-MSY,AS,4645,237.36,1267.6,17358,0.26759995391174096
LAX-ORD,NK,20881,100.21,502.4,51944,0.40199060526721087
LAX-ORD,AA,31063,172.84,502.4,51944,0.5980093947327891
LAX-PBI,B6,10774,235.07,1530.8,46642,0.23099352514900734
LAX-PBI,NK,8288,107.09,1530.8,46642,0.1776939239312208
LAX-PBI,AA,11112,320.06,1530.8,46642,0.23824021268384718
LAX-PBI,UA,5875,259.54,1530.8,46642,0.12595943570172805
LAX-PBI,WN,10593,179.37,1530.8,46642,0.22711290253419664
LAX-PHX,DL,1153,214.93,886.4,4936,0.23358995137763372
LAX-PHX,WN,3783,180.25,886.4,4936,0.7664100486223663
LAX-PIT,B6,4260,172.08,922.3,14341,0.29705041489435885
LAX-PIT,AA,7325,227.71,922.3,14341,0.5107733073007461
LAX-PIT,DL,2756,221.94,922.3,14341,0.19217627780489505
LAX-RDU,DL,7712,292.32,1669.6,13650,0.564981684981685
LAX-RDU,F9,5938,135.18,1669.6,13650,0.435018315018315
LAX-SAT,NK,5926,82.28,840.0,20186,0.2935698008520757
LAX-SAT,WN,4443,153.85,840.0,20186,0.22010304171207767
LAX-SAT,AS,9817,175.41,840.0,20186,0.48632715743584665
LAX-SEA,AA,9204,181.66,601.9,19928,0.4618627057406664
LAX-SEA,DL,10724,195.47,601.9,19928,0.5381372942593337
LAX-SFO,B6,10696,146.27,846.6,46581,0.2296215195036603
LAX-SFO,NK,16345,98.74,846.6,46581,0.35089414138811964
LAX-SFO,AA,5389,179.59,846.6,46581,0.11569094695262017
LAX-SFO,F9,14151,102.56,846.6,46581,0.3037933921555999
LAX-STL,AA,6046,234.96,1182.0,49700,0.12164989939637827
LAX-STL,DL,28471,296.46,1182.0,49700,0.5728571428571428
LAX-STL,UA,10317,237.71,1182.0,49700,0.2075855130784708
LAX-STL,F9,4866,110.76,1182.0,49700,0.09790744466800805
LAX-TPA,B6,3686,155.56,864.0,22287,0.16538789428815004
LAX-TPA,NK,2129,125.73,864.0,22287,0.095526540135505
LAX-TPA,AA,6263,238.28,864.0,22287,0.2810158388298111
LAX-TPA,UA,7311,287.76,864.0,22287,0.32803876699421186
LAX-TPA,F9,2898,105.87,864.0,22287,0.13003095975232198
LGA-MCO,WN,30110,298.36,1784.8,64373,0.46774268715144546
LGA-MCO,F9,34263,150.92,1784.8,64373,0.5322573128485545
LGA-MKE,AA,24839,220.44,893.5,79992,0.3105185518551855
LGA-MKE,DL,46770,262.94,893.5,79992,0.5846834683468347
LGA-MKE,UA,8383,232.98,893.5,79992,0.10479797979797979
LGA-PHL,AA,896,363.72,1663.1,10251,0.08740610672129548
LGA-PHL,DL,7493,301.37,1663.1,10251,0.7309530777485124
LGA-PHL,UA,1862,279.13,1663.1,10251,0.18164081553019218
LGA-PIT,B6,688,260.38,2352.7,6299,0.1092236862994126
LGA-PIT,NK,1522,149.9,2352.7,6299,0.24162565486585172
LGA-PIT,DL,2417,340.67,2352.7,6299,0.3837117002698841
LGA-PIT,UA,1672,303.7,2352.7,6299,0.26543895856485156
LGA-RDU,B6,2249,129.36,416.7,13415,0.1676481550503168
LGA-RDU,AA,4247,166.46,416.7,13415,0.31658591129332836
LGA-RDU,UA,1799,137.93,416.7,13415,0.13410361535594484
LGA-RDU,WN,2145,126.17,416.7,13415,0.15989563920983973
LGA-RDU,AS,2975,182.08,416.7,13415,0.22176667909057027
LGA-SAN,AA,87896,338.52,1709.7,128132,0.6859800830393656
LGA-SAN,UA,40236,284.06,1709.7,128132,0.31401991696063436
LGA-SEA,DL,1160,332.75,1994.2,7060,0.1643059490084986
LGA-SEA,UA,5900,290.39,1994.2,7060,0.8356940509915014
LGA-SJU,B6,2027,196.12,1640.5,3365,0.6023774145616642
LGA-SJU,DL,511,281.04,1640.5,3365,0.15185735512630014
LGA-SJU,UA,827,341.99,1640.5,3365,0.24576523031203565
LGA-STL,B6,2306,258.86,1459.3,16907,0.13639320991305376
LGA-STL,WN,9470,211.78,1459.3,16907,0.5601230259655764
LGA-STL,F9,5131,139.81,1459.3,16907,0.30348376412136985
MCO-MIA,AA,17564,245.79,1532.5,45212,0.38848093426523933
MCO-MIA,DL,14881,265.07,1532.5,45212,0.32913828187206934
MCO-MIA,WN,12767,254.81,1532.5,45212,0.28238078386269133
MCO-MSP,NK,5105,90.55,470.6,25537,0.19990601871793867
MCO-MSP,AA,1799,205.5,470.6,25537,0.07044680267846654
MCO-MSP,DL,10004,205.81,470.6,25537,0.3917453107256138
MCO-MSP,UA,6160,132.03,470.6,25537,0.24121862395739516
MCO-MSP,F9,2469,88.36,470.6,25537,0.09668324392058582
MCO-MSY,B6,11313,270.64,2156.6,29170,0.387829962290024
MCO-MSY,AA,8900,333.53,2156.6,29170,0.3051079876585533
MCO-MSY,DL,8957,326.67,2156.6,29170,0.3070620500514227
MCO-ORD,NK,9601,98.83,460.0,24991,0.3841783041895082
MCO-ORD,DL,15390,209.91,460.0,24991,0.6158216958104917
MCO-PBI,B6,32374,148.32,1325.4,62841,0.5151732149392912
MCO-PBI,AA,4813,262.86,1325.4,62841,0.07659012428191786
MCO-PBI,DL,8822,244.28,1325.4,62841,0.14038605369106158
MCO-PBI,AS,16832,322.71,1325.4,62841,0.26785060708772934
MCO-PHL,NK,1878,75.18,461.3,10960,0.17135036496350364
MCO-PHL,AA,817,154.54,461.3,10960,0.07454379562043796
MCO-PHL,UA,2504,164.45,461.3,10960,0.22846715328467154
MCO-PHL,WN,3489,173.29,461.3,10960,0.31833941605839416
MCO-PHL,F9,2272,75.87,461.3,10960,0.2072992700729927
MCO-PHX,B6,6767,276.98,2542.8,25447,0.2659252564152945
MCO-PHX,AA,6768,318.13,2542.8,25447,0.26596455377844147
MCO-PHX,DL,5207,413.39,2542.8,25447,0.2046213699060793
MCO-PHX,WN,6705,330.31,2542.8,25447,0.2634888199001847
MCO-RDU,B6,4618,256.19,2177.5,22167,0.20832769432038617
MCO-RDU,DL,3779,342.58,2177.5,22167,0.1704786394189561
MCO-RDU,WN,13770,288.53,2177.5,22167,0.6211936662606578
MCO-SAN,B6,938,267.05,1965.0,8318,0.11276749218562154
MCO-SAN,AA,2463,292.26,1965.0,8318,0.29610483289252226
MCO-SAN,DL,1010,360.28,1965.0,8318,0.12142341909112768
MCO-SAN,UA,1966,273.36,1965.0,8318,0.23635489300312576
MCO-SAN,WN,1941,260.07,1965.0,8318,0.2333493628276028
MCO-SJU,B6,40560,145.01,809.8,103955,0.3901688230484344
MCO-SJU,AA,16595,172.09,809.8,103955,0.15963638112644896
MCO-SJU,WN,46800,219.36,809.8,103955,0.4501947958251166
MIA-MSP,AA,18773,297.61,1491.6,100280,0.18720582369365776
MIA-MSP,UA,25150,289.8,1491.6,100280,0.2507977662544874
MIA-MSP,WN,56357,241.68,1491.6,100280,0.5619964100518549
MIA-MSY,B6,3551,232.87,2425.1,17200,0.206453488372093
MIA-MSY,AA,3959,411.16,2425.1,17200,0.23017441860465115
MIA-MSY,DL,2812,419.04,2425.1,17200,0.16348837209302325
MIA-MSY,UA,2031,408.03,2425.1,17200,0.11808139534883721
MIA-MSY,WN,4847,312.09,2425.1,17200,0.28180232558139534
MIA-ORD,AA,11858,282.01,1517.2,36373,0.32601105215407034
MIA-ORD,DL,4850,305.29,1517.2,36373,0.13334066477881945
MIA-ORD,WN,12258,224.13,1517.2,36373,0.3370082203832513
MIA-ORD,F9,7407,119.55,1517.2,36373,0.2036400626838589
MIA-PBI,B6,7240,216.75,1625.1,21827,0.3316992715444175
MIA-PBI,DL,4621,366.59,1625.1,21827,0.21171026710038027
MIA-PBI,WN,9966,254.97,1625.1,21827,0.45659046135520226
MIA-PIT,AA,17531,308.68,1832.0,40076,0.4374438566723226
MIA-PIT,DL,6126,352.65,1832.0,40076,0.15285956682303622
MIA-PIT,WN,16419,243.97,1832.0,40076,0.4096965765046412
MIA-RDU,AA,4226,304.76,1859.8,8837,0.47821658934027383
MIA-RDU,DL,4611,294.04,1859.8,8837,0.5217834106597261
MIA-RSW,AA,17301,197.52,1326.7,56279,0.3074148439026991
MIA-RSW,UA,38978,337.9,1326.7,56279,0.692585156097301
MIA-SAN,AA,28125,229.12,1302.9,104360,0.2694998083556918
MIA-SAN,DL,10574,273.9,1302.9,104360,0.10132234572633193
MIA-SAN,WN,32754,225.67,1302.9,104360,0.3138558834802606
MIA-SAN,F9,32907,115.21,1302.9,104360,0.3153219624377156
MIA-SAT,WN,32941,299.24,2377.1,76295,0.43175830657316994
MIA-SAT,AS,43354,328.53,2377.1,76295,0.5682416934268301
MIA-SEA,DL,48805,238.97,809.6,59207,0.8243113145405104
MIA-SEA,WN,10402,162.18,809.6,59207,0.1756886854594896
MIA-STL,AA,26383,194.99,589.5,90779,0.2906288899415063
MIA-STL,UA,39026,214.17,589.5,90779,0.4299011886008879
MIA-STL,WN,25370,160.15,589.5,90779,0.27946992145760585
MIA-TPA,AA,5315,301.95,1378.0,11761,0.45191735396649946
MIA-TPA,WN,5700,212.78,1378.0,11761,0.48465266558966075
MIA-TPA,F9,746,171.23,1378.0,11761,0.06342998044383981
MKE-MSP,NK,8669,206.37,2521.9,115246,0.07522169966853513
MKE-MSP,AA,46535,382.3,2521.9,115246,0.40378841781927355
MKE-MSP,DL,23903,354.26,2521.9,115246,0.2074085000780938
MKE-MSP,F9,36139,176.32,2521.9,115246,0.3135813824340975
MKE-MSY,DL,4360,219.25,1114.7,11379,0.38316196502328853
MKE-MSY,WN,3226,151.74,1114.7,11379,0.28350470164337815
MKE-MSY,F9,3793,128.49,1114.7,11379,0.3333333333333333
MKE-ORD,B6,5934,311.33,2291.9,29086,0.2040156776456027
MKE-ORD,AA,9723,367.61,2291.9,29086,0.33428453551536824
MKE-ORD,DL,5003,363.61,2291.9,29086,0.17200715120676613
MKE-ORD,WN,8426,316.67,2291.9,29086,0.28969263563226294
MKE-PHL,DL,3434,410.56,2568.5,12920,0.2657894736842105
MKE-PHL,UA,9486,375.58,2568.5,12920,0.7342105263157894
MKE-PIT,NK,13969,172.75,2016.3,31903,0.4378585086042065
MKE-PIT,UA,17934,373.62,2016.3,31903,0.5621414913957935
MKE-RDU,NK,1177,178.26,2353.3,10471,0.11240569191099227
MKE-RDU,AA,2944,383.58,2353.3,10471,0.2811574825709101
MKE-RDU,DL,1239,469.86,2353.3,10471,0.11832680737274377
MKE-RDU,UA,5111,434.23,2353.3,10471,0.4881100181453538
MKE-SAN,B6,17892,176.13,1638.4,60279,0.2968197879858657
MKE-SAN,AA,10094,355.11,1638.4,60279,0.16745466912191642
MKE-SAN,DL,21232,297.81,1638.4,60279,0.3522288027339538
MKE-SAN,UA,11061,337.65,1638.4,60279,0.18349674015826406
MKE-SEA,AA,3865,323.24,2134.6,9950,0.3884422110552764
MKE-SEA,DL,6085,339.17,2134.6,9950,0.6115577889447236
MKE-SFO,DL,41316,379.59,1747.8,64909,0.6365218998906161
MKE-SFO,WN,23593,284.92,1747.8,64909,0.3634781001093839
MKE-SJU,NK,4182,113.71,1168.3,32237,0.12972671154263735
MKE-SJU,AA,10964,195.36,1168.3,32237,0.34010608927629743
MKE-SJU,UA,17091,201.0,1168.3,32237,0.5301671991810653
MKE-STL,DL,21644,369.65,2236.2,33072,0.6544508950169328
MKE-STL,UA,11428,317.32,2236.2,33072,0.34554910498306723
MSP-ORD,NK,6363,98.65,1083.5,49056,0.12970890410958905
MSP-ORD,AA,8369,215.26,1083.5,49056,0.17060094585779517
MSP-ORD,WN,34324,194.15,1083.5,49056,0.6996901500326158
MSP-PBI,DL,9175,210.26,528.3,19581,0.4685664674939993
MSP-PBI,UA,3648,173.25,528.3,19581,0.1863030488739084
MSP-PBI,F9,3421,71.69,528.3,19581,0.17471017823400234
MSP-PBI,AS,3337,169.69,528.3,19581,0.17042030539808997
MSP-PHX,NK,15362,115.01,1022.8,42773,0.35915180137002317
MSP-PHX,AA,19251,213.74,1022.8,42773,0.45007364458887616
MSP-PHX,UA,8160,178.32,1022.8,42773,0.1907745540411007
MSP-RDU,AA,10883,479.66,2497.6,19904,0.5467745176848875
MSP-RDU,UA,2680,354.9,2497.6,19904,0.13464630225080385
MSP-RDU,WN,6341,381.53,2497.6,19904,0.3185791800643087
MSP-RSW,AA,14137,420.53,2494.1,17389,0.8129852205417217
MSP-RSW,WN,3252,288.7,2494.1,17389,0.1870147794582782
MSP-SAN,DL,16677,195.59,870.7,49489,0.3369839762371436
MSP-SAN,WN,32812,148.7,870.7,49489,0.6630160237628564
MSP-SAT,AA,4725,306.93,1724.3,10530,0.44871794871794873
MSP-SAT,DL,2743,314.46,1724.3,10530,0.26049382716049385
MSP-SAT,UA,3062,303.27,1724.3,10530,0.29078822412155747
MSP-SEA,AA,13844,282.57,1596.9,20944,0.6610007639419404
MSP-SEA,UA,7100,294.8,1596.9,20944,0.3389992360580596
MSP-STL,AA,6953,315.04,2371.0,31033,0.22405181580897754
MSP-STL,DL,5411,388.96,2371.0,31033,0.17436277511036638
MSP-STL,UA,14614,376.42,2371.0,31033,0.4709180549737376
MSP-STL,F9,4055,216.65,2371.0,31033,0.13066735410691843
MSY-PBI,AA,6484,190.57,538.9,19649,0.3299913481602117
MSY-PBI,DL,10758,166.7,538.9,19649,0.5475087790727263
MSY-PBI,UA,2407,199.2,538.9,19649,0.12249987276706194
MSY-PHL,B6,41855,193.39,1539.6,61006,0.6860800576992427
MSY-PHL,AA,17030,291.09,1539.6,61006,0.2791528702094876
MSY-PHL,DL,2121,298.8,1539.6,61006,0.03476707209126971
MSY-PIT,UA,19576,273.59,1022.7,22984,0.8517229376957883
MSY-PIT,AS,3408,307.23,1022.7,22984,0.14827706230421162
MSY-SEA,AA,7080,348.88,2573.9,22280,0.3177737881508079
MSY-SEA,DL,3088,376.37,2573.9,22280,0.13859964093357272
MSY-SEA,UA,7621,515.54,2573.9,22280,0.3420556552962298
MSY-SEA,WN,4491,284.23,2573.9,22280,0.20157091561938958
MSY-STL,B6,31547,253.21,1854.1,55652,0.5668619276935241
MSY-STL,UA,7634,327.58,1854.1,55652,0.13717386616833177
MSY-STL,F9,16471,163.85,1854.1,55652,0.29596420613814417
MSY-TPA,AA,3882,345.58,2531.8,10875,0.3569655172413793
MSY-TPA,UA,6993,392.12,2531.8,10875,0.6430344827586207
ORD-PBI,AA,4504,218.17,1282.9,19307,0.23328326513699693
ORD-PBI,DL,2772,259.64,1282.9,19307,0.1435748692184182
ORD-PBI,UA,3337,301.74,1282.9,19307,0.17283886673227328
ORD-PBI,WN,5608,226.68,1282.9,19307,0.2904645983322111
ORD-PBI,AS,3086,251.8,1282.9,19307,0.1598384005801005
ORD-PHX,AA,57349,301.62,2153.5,85341,0.6719982189100198
ORD-PHX,DL,13553,284.81,2153.5,85341,0.15880995066849463
ORD-PHX,UA,14439,376.91,2153.5,85341,0.16919183042148556
ORD-RDU,AA,946,179.14,541.4,7175,0.13184668989547038
ORD-RDU,DL,967,216.36,541.4,7175,0.13477351916376307
ORD-RDU,UA,1496,237.87,541.4,7175,0.20850174216027875
ORD-RDU,WN,2102,152.0,541.4,7175,0.2929616724738676
ORD-RDU,F9,1664,80.95,541.4,7175,0.2319163763066202
ORD-RSW,NK,7166,121.38,2067.3,26334,0.27211969317232476
ORD-RSW,AA,9544,322.16,2067.3,26334,0.3624212045264677
ORD-RSW,DL,7081,363.04,2067.3,26334,0.2688919267866636
ORD-RSW,F9,2543,141.33,2067.3,26334,0.09656717551454394
ORD-SEA,DL,5252,223.88,1232.4,7085,0.7412844036697248
ORD-SEA,F9,1833,108.31,1232.4,7085,0.25871559633027524
ORD-SFO,AA,2032,258.17,1297.7,8246,0.24642250788260975
ORD-SFO,DL,6214,293.07,1297.7,8246,0.7535774921173902
ORD-SJU,NK,11443,102.42,882.3,21298,0.5372804958212039
ORD-SJU,DL,9855,236.54,882.3,21298,0.46271950417879615
ORD-STL,AA,16562,287.32,1303.6,50195,0.3299531825879072
ORD-STL,UA,13576,238.75,1303.6,50195,0.2704651857754756
ORD-STL,F9,20057,133.99,1303.6,50195,0.3995816316366172
PBI-PHL,NK,3847,156.37,1973.4,11869,0.3241216614710591
PBI-PHL,AA,3601,297.63,1973.4,11869,0.30339539978094193
PBI-PHL,UA,1333,326.44,1973.4,11869,0.11230937736961834
PBI-PHL,WN,3088,281.95,1973.4,11869,0.26017356137838066
PBI-PHX,AA,6063,177.11,792.7,12011,0.5047872783281991
PBI-PHX,UA,5948,177.03,792.7,12011,0.49521272167180086
PBI-RDU,B6,5190,136.9,951.5,12369,0.41959738054814455
PBI-RDU,AA,2716,226.04,951.5,12369,0.21958121109224674
PBI-RDU,UA,4463,230.84,951.5,12369,0.3608214083596087
PBI-SAN,AA,13329,394.83,2134.5,40212,0.33146821844225605
PBI-SAN,DL,5665,454.8,2134.5,40212,0.14087834477270467
PBI-SAN,UA,21218,303.27,2134.5,40212,0.5276534367850393
PBI-SAT,NK,7868,129.21,1883.7,15940,0.4936010037641154
PBI-SAT,DL,4181,261.13,1883.7,15940,0.2622961104140527
PBI-SAT,UA,3891,337.21,1883.7,15940,0.24410288582183187
PBI-SEA,AA,2109,241.23,1382.3,15087,0.13978922250944523
PBI-SEA,DL,6431,250.31,1382.3,15087,0.42626101942069333
PBI-SEA,UA,2158,280.22,1382.3,15087,0.14303705176642142
PBI-SEA,WN,4389,173.46,1382.3,15087,0.29091270630344007
PBI-SFO,B6,1403,177.75,822.6,16054,0.08739255014326648
PBI-SFO,NK,2346,89.89,822.6,16054,0.14613180515759314
PBI-SFO,AA,6115,179.96,822.6,16054,0.3809019558988414
PBI-SFO,UA,6190,210.03,822.6,16054,0.38557368880029896
PBI-SJU,B6,3884,279.18,2175.1,13664,0.2842505854800937
PBI-SJU,DL,3869,339.56,2175.1,13664,0.28315281030444966
PBI-SJU,WN,5911,212.75,2175.1,13664,0.43259660421545665
PBI-TPA,B6,4742,150.67,906.3,11345,0.41798148964301457
PBI-TPA,AA,5885,241.96,906.3,11345,0.5187307183781401
PBI-TPA,DL,718,197.59,906.3,11345,0.0632877919788453
PHL-PIT,DL,10704,353.59,2079.8,17126,0.6250145976877263
PHL-PIT,UA,4815,420.7,2079.8,17126,0.2811514656078477
PHL-PIT,WN,1607,270.92,2079.8,17126,0.09383393670442602
PHL-RSW,AA,29585,191.61,683.4,38452,0.7694008114012275
PHL-RSW,F9,8867,86.56,683.4,38452,0.2305991885987725
PHL-SJU,DL,1376,354.46,2204.5,5926,0.2321970975362808
PHL-SJU,F9,4550,173.48,2204.5,5926,0.7678029024637192
PHL-STL,AA,1359,210.84,412.4,6061,0.2242204256723313
PHL-STL,DL,3222,194.03,412.4,6061,0.5315954462959908
PHL-STL,UA,1480,200.06,412.4,6061,0.24418412803167794
PHL-TPA,NK,4169,121.26,1619.5,46252,0.09013664273977341
PHL-TPA,DL,17493,340.29,1619.5,46252,0.37821067197094177
PHL-TPA,UA,5432,342.82,1619.5,46252,0.11744357000778345
PHL-TPA,F9,19158,107.78,1619.5,46252,0.41420911528150134
PHX-PIT,AA,21308,314.16,2220.4,33181,0.6421747385551972
PHX-PIT,UA,11873,313.36,2220.4,33181,0.35782526144480276
PHX-SJU,DL,9260,270.23,1429.6,26073,0.3551566754880528
PHX-SJU,WN,16813,226.34,1429.6,26073,0.6448433245119473
PHX-STL,AA,26930,387.62,1868.8,33942,0.7934122915561841
PHX-STL,UA,7012,315.89,1868.8,33942,0.2065877084438159
PIT-RSW,AA,7226,453.38,2456.2,17878,0.4041839131893948
PIT-RSW,UA,3463,409.96,2456.2,17878,0.19370175634858486
PIT-RSW,AS,7189,355.06,2456.2,17878,0.4021143304620204
PIT-SAT,DL,3581,235.87,879.9,24301,0.1473601909386445
PIT-SAT,UA,4201,249.74,879.9,24301,0.17287354429858853
PIT-SAT,WN,8037,149.86,879.9,24301,0.3307271305707584
PIT-SAT,F9,8482,108.19,879.9,24301,0.34903913419200855
PIT-SEA,DL,162778,356.2,1691.4,275322,0.5912277260807346
PIT-SEA,WN,112544,233.14,1691.4,275322,0.40877227391926546
PIT-SFO,NK,2511,138.55,1611.0,11441,0.21947382221833756
PIT-SFO,AA,4394,354.34,1611.0,11441,0.38405733764531075
PIT-SFO,UA,4536,313.04,1611.0,11441,0.3964688401363517
PIT-SJU,AA,3335,386.78,2257.0,12801,0.2605265213655183
PIT-SJU,WN,9466,315.39,2257.0,12801,0.7394734786344817
PIT-STL,DL,3776,281.05,1417.4,24914,0.15156137111664125
PIT-STL,WN,10997,204.38,1417.4,24914,0.4413984105322309
PIT-STL,F9,10141,128.28,1417.4,24914,0.40704021835112786
PIT-TPA,DL,3260,169.92,346.1,20207,0.1613302320977879
PIT-TPA,WN,16947,136.83,346.1,20207,0.8386697679022121
RDU-RSW,AA,7078,416.06,2287.4,25472,0.27787374371859297
RDU-RSW,DL,6049,367.34,2287.4,25472,0.2374764447236181
RDU-RSW,UA,6358,392.38,2287.4,25472,0.24960741206030151
RDU-RSW,WN,5987,323.71,2287.4,25472,0.23504239949748743
RDU-SAN,AA,6874,233.8,1202.4,21451,0.32045126101347254
RDU-SAN,DL,6380,216.5,1202.4,21451,0.2974220316069181
RDU-SAN,UA,5298,229.5,1202.4,21451,0.24698149270430284
RDU-SAN,WN,2899,220.31,1202.4,21451,0.13514521467530652
RDU-SEA,NK,2378,140.9,2552.5,10660,0.2230769230769231
RDU-SEA,AA,3370,463.41,2552.5,10660,0.31613508442776733
RDU-SEA,DL,1463,391.84,2552.5,10660,0.13724202626641652
RDU-SEA,UA,1217,341.92,2552.5,10660,0.11416510318949344
RDU-SEA,WN,2232,322.88,2552.5,10660,0.20938086303939962
RDU-SJU,B6,1392,246.05,1722.8,4552,0.30579964850615116
RDU-SJU,DL,1979,333.11,1722.8,4552,0.43475395430579966
RDU-SJU,UA,1181,284.91,1722.8,4552,0.2594463971880492
RDU-STL,AA,1864,332.05,1657.5,4879,0.3820455011272802
RDU-STL,UA,1849,307.64,1657.5,4879,0.3789711006353761
RDU-STL,WN,1166,226.62,1657.5,4879,0.2389833982373437
RDU-TPA,B6,4861,247.67,1899.6,16633,0.2922503456983106
RDU-TPA,AA,6783,286.75,1899.6,16633,0.407803763602477
RDU-TPA,DL,1119,389.71,1899.6,16633,0.0672758973125714
RDU-TPA,UA,3870,280.52,1899.6,16633,0.23266999338664102
RSW-SFO,B6,2070,200.97,1058.5,7411,0.2793145324517609
RSW-SFO,DL,5341,264.0,1058.5,7411,0.7206854675482391
RSW-SJU,B6,5911,183.94,1106.4,46657,0.12669052875238443
RSW-SJU,AA,4565,215.47,1106.4,46657,0.09784169577984012
RSW-SJU,UA,16373,253.43,1106.4,46657,0.3509226911288767
RSW-SJU,F9,6957,107.14,1106.4,46657,0.1491094583878089
RSW-SJU,AS,12851,270.7,1106.4,46657,0.2754356259510899
SAN-SAT,AA,15023,249.04,1456.7,29149,0.5153864626573811
SAN-SAT,DL,6872,220.44,1456.7,29149,0.23575422827541254
SAN-SAT,AS,7254,302.86,1456.7,29149,0.24885930906720644
SAN-SEA,B6,3384,209.14,1627.4,11463,0.295210677833028
SAN-SEA,AA,8079,277.07,1627.4,11463,0.704789322166972
SAN-SFO,AA,7882,220.43,946.8,17901,0.44031059717334226
SAN-SFO,UA,10019,211.21,946.8,17901,0.5596894028266577
SAN-SJU,DL,5274,351.63,1733.0,11063,0.47672421585465063
SAN-SJU,UA,4608,227.15,1733.0,11063,0.41652354695832955
SAN-SJU,WN,1181,283.88,1733.0,11063,0.1067522371870198
SAN-STL,AA,35459,317.3,2023.5,72123,0.49164621549297727
SAN-STL,UA,36664,354.71,2023.5,72123,0.5083537845070227
SAN-TPA,B6,52769,187.38,1602.2,74231,0.7108755102315744
SAN-TPA,DL,21462,303.31,1602.2,74231,0.2891244897684256
SAT-SFO,DL,5878,200.45,373.2,9060,0.64878587196468
SAT-SFO,WN,3182,135.03,373.2,9060,0.3512141280353201
SAT-TPA,NK,9611,98.43,1058.4,52796,0.18204030608379423
SAT-TPA,DL,43185,257.61,1058.4,52796,0.8179596939162058
SEA-SJU,AA,4550,395.56,2445.7,23059,0.1973199184700117
SEA-SJU,UA,2724,448.5,2445.7,23059,0.1181317489917169
SEA-SJU,WN,2368,279.3,2445.7,23059,0.1026930916345028
SEA-SJU,F9,7715,232.38,2445.7,23059,0.3345765210980528
SEA-SJU,AS,5702,318.71,2445.7,23059,0.24727871980571578
SFO-SJU,UA,9084,192.14,517.5,23081,0.393570469217105
SFO-SJU,WN,3550,153.1,517.5,23081,0.1538061609115723
SFO-SJU,AS,10447,160.57,517.5,23081,0.45262336987132273
SFO-STL,DL,10543,304.64,2083.0,15687,0.6720851660610697
SFO-STL,UA,5144,361.29,2083.0,15687,0.32791483393893034
SFO-TPA,AA,8186,182.83,916.9,23038,0.35532598315826025
SFO-TPA,DL,11192,180.76,916.9,23038,0.4858060595537807
SFO-TPA,WN,3660,165.37,916.9,23038,0.15886795728795902
SJU-STL,AA,11175,291.97,1048.2,23977,0.4660716519998332
SJU-STL,DL,12802,190.05,1048.2,23977,0.5339283480001669
SJU-TPA,AA,14793,161.94,488.0,53367,0.2771937714317837
SJU-TPA,UA,9411,261.06,488.0,53367,0.17634493226150993
SJU-TPA,WN,29163,132.49,488.0,53367,0.5464612963067064
STL-TPA,B6,5185,193.16,1084.6,34088,0.1521063130720488
STL-TPA,NK,14087,94.2,1084.6,34088,0.41325393100211216
STL-TPA,WN,753,201.84,1084.6,34088,0.0220898850035203
STL-TPA,AS,14063,244.29,1084.6,34088,0.4125498709223187
